timestamp;buyer;seller;symbol;currency;price;quantity
0;SUBMISSION;;INTARIAN_PEPPER_ROOT;SEASHELLS;11006;10
100;SUBMISSION;;INTARIAN_PEPPER_ROOT;SEASHELLS;11006;9
400;SUBMISSION;;INTARIAN_PEPPER_ROOT;SEASHELLS;11006;11
500;SUBMISSION;;INTARIAN_PEPPER_ROOT;SEASHELLS;11006;8
700;SUBMISSION;;INTARIAN_PEPPER_ROOT;SEASHELLS;11007;9
800;SUBMISSION;;INTARIAN_PEPPER_ROOT;SEASHELLS;11007;9
900;SUBMISSION;;INTARIAN_PEPPER_ROOT;SEASHELLS;11007;10
1000;SUBMISSION;;INTARIAN_PEPPER_ROOT;SEASHELLS;11007;12
1400;SUBMISSION;;INTARIAN_PEPPER_ROOT;SEASHELLS;11007;2
6100;SUBMISSION;;ASH_COATED_OSMIUM;SEASHELLS;9992;8
6200;SUBMISSION;;ASH_COATED_OSMIUM;SEASHELLS;9996;4
11800;;SUBMISSION;ASH_COATED_OSMIUM;SEASHELLS;9999;6
13200;SUBMISSION;;ASH_COATED_OSMIUM;SEASHELLS;9995;4
18700;SUBMISSION;;ASH_COATED_OSMIUM;SEASHELLS;9998;4
19300;;SUBMISSION;ASH_COATED_OSMIUM;SEASHELLS;10002;9
25800;;SUBMISSION;INTARIAN_PEPPER_ROOT;SEASHELLS;11029;3
27800;;SUBMISSION;ASH_COATED_OSMIUM;SEASHELLS;10003;8
29700;SUBMISSION;;ASH_COATED_OSMIUM;SEASHELLS;10000;4
30000;SUBMISSION;;INTARIAN_PEPPER_ROOT;SEASHELLS;11032;3
30200;;SUBMISSION;INTARIAN_PEPPER_ROOT;SEASHELLS;11033;3
35400;SUBMISSION;;INTARIAN_PEPPER_ROOT;SEASHELLS;11037;3
37100;;SUBMISSION;INTARIAN_PEPPER_ROOT;SEASHELLS;11040;6
38100;SUBMISSION;;INTARIAN_PEPPER_ROOT;SEASHELLS;11034;6
41100;SUBMISSION;;ASH_COATED_OSMIUM;SEASHELLS;9999;7
41300;;SUBMISSION;ASH_COATED_OSMIUM;SEASHELLS;10003;6
43700;;SUBMISSION;INTARIAN_PEPPER_ROOT;SEASHELLS;11047;4
47100;;SUBMISSION;ASH_COATED_OSMIUM;SEASHELLS;10001;7
48700;SUBMISSION;;INTARIAN_PEPPER_ROOT;SEASHELLS;11045;4
53100;;SUBMISSION;ASH_COATED_OSMIUM;SEASHELLS;9999;4
63900;;SUBMISSION;INTARIAN_PEPPER_ROOT;SEASHELLS;11067;7
64200;SUBMISSION;;ASH_COATED_OSMIUM;SEASHELLS;9994;8
64500;SUBMISSION;;INTARIAN_PEPPER_ROOT;SEASHELLS;11061;7
72600;SUBMISSION;;ASH_COATED_OSMIUM;SEASHELLS;9997;7
80300;SUBMISSION;;ASH_COATED_OSMIUM;SEASHELLS;9999;5
83200;;SUBMISSION;ASH_COATED_OSMIUM;SEASHELLS;10002;4
85000;SUBMISSION;;ASH_COATED_OSMIUM;SEASHELLS;10000;7
90500;;SUBMISSION;INTARIAN_PEPPER_ROOT;SEASHELLS;11093;7
91200;SUBMISSION;;INTARIAN_PEPPER_ROOT;SEASHELLS;11097;7
91400;;SUBMISSION;ASH_COATED_OSMIUM;SEASHELLS;10006;4
92600;;SUBMISSION;ASH_COATED_OSMIUM;SEASHELLS;10006;4
93100;;SUBMISSION;INTARIAN_PEPPER_ROOT;SEASHELLS;11096;6
94000;SUBMISSION;;INTARIAN_PEPPER_ROOT;SEASHELLS;11096;4
94200;SUBMISSION;;INTARIAN_PEPPER_ROOT;SEASHELLS;11100;2
95400;;SUBMISSION;ASH_COATED_OSMIUM;SEASHELLS;10001;9
97400;SUBMISSION;;ASH_COATED_OSMIUM;SEASHELLS;9997;8
97600;;SUBMISSION;INTARIAN_PEPPER_ROOT;SEASHELLS;11100;6
98800;SUBMISSION;;INTARIAN_PEPPER_ROOT;SEASHELLS;11105;6
99300;SUBMISSION;;ASH_COATED_OSMIUM;SEASHELLS;9997;9
101600;;SUBMISSION;INTARIAN_PEPPER_ROOT;SEASHELLS;11104;6
101800;SUBMISSION;;ASH_COATED_OSMIUM;SEASHELLS;9996;5
101900;SUBMISSION;;INTARIAN_PEPPER_ROOT;SEASHELLS;11108;6
113400;SUBMISSION;;ASH_COATED_OSMIUM;SEASHELLS;9998;4
113600;;SUBMISSION;ASH_COATED_OSMIUM;SEASHELLS;10002;9
114400;;SUBMISSION;ASH_COATED_OSMIUM;SEASHELLS;10001;9
117300;SUBMISSION;;ASH_COATED_OSMIUM;SEASHELLS;9996;5
118500;SUBMISSION;;ASH_COATED_OSMIUM;SEASHELLS;9997;9
123600;;SUBMISSION;ASH_COATED_OSMIUM;SEASHELLS;9999;5
126500;;SUBMISSION;INTARIAN_PEPPER_ROOT;SEASHELLS;11129;8
126900;SUBMISSION;;INTARIAN_PEPPER_ROOT;SEASHELLS;11123;6
128700;SUBMISSION;;INTARIAN_PEPPER_ROOT;SEASHELLS;11125;2
130500;SUBMISSION;;ASH_COATED_OSMIUM;SEASHELLS;9992;9
134300;SUBMISSION;;ASH_COATED_OSMIUM;SEASHELLS;9994;4
135500;;SUBMISSION;ASH_COATED_OSMIUM;SEASHELLS;9998;4
135700;;SUBMISSION;ASH_COATED_OSMIUM;SEASHELLS;9998;8
136300;SUBMISSION;;ASH_COATED_OSMIUM;SEASHELLS;9995;5
140700;;SUBMISSION;INTARIAN_PEPPER_ROOT;SEASHELLS;11144;4
141700;SUBMISSION;;INTARIAN_PEPPER_ROOT;SEASHELLS;11143;2
143800;SUBMISSION;;INTARIAN_PEPPER_ROOT;SEASHELLS;11140;2
150500;;SUBMISSION;ASH_COATED_OSMIUM;SEASHELLS;10002;5
150600;SUBMISSION;;ASH_COATED_OSMIUM;SEASHELLS;9998;4
154000;SUBMISSION;;ASH_COATED_OSMIUM;SEASHELLS;9999;7
158600;;SUBMISSION;INTARIAN_PEPPER_ROOT;SEASHELLS;11161;6
161000;SUBMISSION;;ASH_COATED_OSMIUM;SEASHELLS;9999;4
161100;;SUBMISSION;ASH_COATED_OSMIUM;SEASHELLS;10002;8
165200;SUBMISSION;;ASH_COATED_OSMIUM;SEASHELLS;9996;8
167200;;SUBMISSION;ASH_COATED_OSMIUM;SEASHELLS;10001;7
170800;SUBMISSION;;ASH_COATED_OSMIUM;SEASHELLS;9996;4
172400;SUBMISSION;;INTARIAN_PEPPER_ROOT;SEASHELLS;11169;6
175400;SUBMISSION;;ASH_COATED_OSMIUM;SEASHELLS;9998;4
175500;;SUBMISSION;INTARIAN_PEPPER_ROOT;SEASHELLS;11178;5
179300;;SUBMISSION;ASH_COATED_OSMIUM;SEASHELLS;10002;6
179500;;SUBMISSION;ASH_COATED_OSMIUM;SEASHELLS;10002;7
180700;;SUBMISSION;ASH_COATED_OSMIUM;SEASHELLS;10002;8
181600;;SUBMISSION;ASH_COATED_OSMIUM;SEASHELLS;10004;7
182200;;SUBMISSION;ASH_COATED_OSMIUM;SEASHELLS;10004;7
183700;SUBMISSION;;ASH_COATED_OSMIUM;SEASHELLS;10000;5
188300;SUBMISSION;;INTARIAN_PEPPER_ROOT;SEASHELLS;11184;4
189300;;SUBMISSION;ASH_COATED_OSMIUM;SEASHELLS;10004;5
196500;;SUBMISSION;ASH_COATED_OSMIUM;SEASHELLS;10005;10
197200;;SUBMISSION;ASH_COATED_OSMIUM;SEASHELLS;10005;10
198300;SUBMISSION;;INTARIAN_PEPPER_ROOT;SEASHELLS;11200;1
199000;;SUBMISSION;ASH_COATED_OSMIUM;SEASHELLS;10004;10
199000;;SUBMISSION;INTARIAN_PEPPER_ROOT;SEASHELLS;11202;3
201800;SUBMISSION;;INTARIAN_PEPPER_ROOT;SEASHELLS;11198;3
204500;SUBMISSION;;ASH_COATED_OSMIUM;SEASHELLS;9996;10
204900;;SUBMISSION;ASH_COATED_OSMIUM;SEASHELLS;10001;4
210200;;SUBMISSION;INTARIAN_PEPPER_ROOT;SEASHELLS;11213;3
214500;SUBMISSION;;INTARIAN_PEPPER_ROOT;SEASHELLS;11211;3
216500;;SUBMISSION;INTARIAN_PEPPER_ROOT;SEASHELLS;11219;8
218100;;SUBMISSION;ASH_COATED_OSMIUM;SEASHELLS;10005;6
218400;SUBMISSION;;INTARIAN_PEPPER_ROOT;SEASHELLS;11215;4
219500;SUBMISSION;;INTARIAN_PEPPER_ROOT;SEASHELLS;11221;4
224200;;SUBMISSION;INTARIAN_PEPPER_ROOT;SEASHELLS;11227;8
226600;SUBMISSION;;ASH_COATED_OSMIUM;SEASHELLS;10002;8
228700;SUBMISSION;;ASH_COATED_OSMIUM;SEASHELLS;9999;5
229800;SUBMISSION;;INTARIAN_PEPPER_ROOT;SEASHELLS;11232;6
233600;SUBMISSION;;INTARIAN_PEPPER_ROOT;SEASHELLS;11230;2
239800;;SUBMISSION;ASH_COATED_OSMIUM;SEASHELLS;10004;5
241200;;SUBMISSION;INTARIAN_PEPPER_ROOT;SEASHELLS;11244;6
242700;;SUBMISSION;ASH_COATED_OSMIUM;SEASHELLS;10003;5
245200;SUBMISSION;;ASH_COATED_OSMIUM;SEASHELLS;10000;8
245900;SUBMISSION;;ASH_COATED_OSMIUM;SEASHELLS;9999;6
247600;;SUBMISSION;ASH_COATED_OSMIUM;SEASHELLS;10004;10
251100;;SUBMISSION;ASH_COATED_OSMIUM;SEASHELLS;10001;6
252600;;SUBMISSION;ASH_COATED_OSMIUM;SEASHELLS;10002;9
254500;;SUBMISSION;ASH_COATED_OSMIUM;SEASHELLS;10002;8
264300;SUBMISSION;;ASH_COATED_OSMIUM;SEASHELLS;9998;10
264800;SUBMISSION;;INTARIAN_PEPPER_ROOT;SEASHELLS;11267;4
266400;SUBMISSION;;ASH_COATED_OSMIUM;SEASHELLS;9997;10
272700;SUBMISSION;;INTARIAN_PEPPER_ROOT;SEASHELLS;11269;2
273200;SUBMISSION;;ASH_COATED_OSMIUM;SEASHELLS;9994;6
275300;SUBMISSION;;ASH_COATED_OSMIUM;SEASHELLS;9995;7
279400;;SUBMISSION;INTARIAN_PEPPER_ROOT;SEASHELLS;11282;5
282000;SUBMISSION;;INTARIAN_PEPPER_ROOT;SEASHELLS;11284;3
282400;SUBMISSION;;ASH_COATED_OSMIUM;SEASHELLS;9993;9
284300;SUBMISSION;;INTARIAN_PEPPER_ROOT;SEASHELLS;11286;2
287400;;SUBMISSION;INTARIAN_PEPPER_ROOT;SEASHELLS;11290;5
292600;SUBMISSION;;ASH_COATED_OSMIUM;SEASHELLS;9993;4
297000;SUBMISSION;;INTARIAN_PEPPER_ROOT;SEASHELLS;11299;3
301200;SUBMISSION;;INTARIAN_PEPPER_ROOT;SEASHELLS;11297;2
302100;;SUBMISSION;INTARIAN_PEPPER_ROOT;SEASHELLS;11305;8
302500;SUBMISSION;;INTARIAN_PEPPER_ROOT;SEASHELLS;11299;8
307100;;SUBMISSION;INTARIAN_PEPPER_ROOT;SEASHELLS;11310;4
309900;SUBMISSION;;INTARIAN_PEPPER_ROOT;SEASHELLS;11312;2
313200;SUBMISSION;;INTARIAN_PEPPER_ROOT;SEASHELLS;11309;2
315700;;SUBMISSION;ASH_COATED_OSMIUM;SEASHELLS;10006;4
317600;;SUBMISSION;ASH_COATED_OSMIUM;SEASHELLS;10005;9
318600;;SUBMISSION;ASH_COATED_OSMIUM;SEASHELLS;10006;8
322100;;SUBMISSION;INTARIAN_PEPPER_ROOT;SEASHELLS;11325;8
322400;;SUBMISSION;ASH_COATED_OSMIUM;SEASHELLS;10004;3
322800;SUBMISSION;;ASH_COATED_OSMIUM;SEASHELLS;10003;9
323700;;SUBMISSION;ASH_COATED_OSMIUM;SEASHELLS;10008;8
325600;;SUBMISSION;ASH_COATED_OSMIUM;SEASHELLS;10004;5
327600;;SUBMISSION;ASH_COATED_OSMIUM;SEASHELLS;10008;10
329700;SUBMISSION;;INTARIAN_PEPPER_ROOT;SEASHELLS;11326;4
331500;;SUBMISSION;ASH_COATED_OSMIUM;SEASHELLS;10009;5
332200;SUBMISSION;;INTARIAN_PEPPER_ROOT;SEASHELLS;11338;4
334100;;SUBMISSION;ASH_COATED_OSMIUM;SEASHELLS;10005;5
334400;;SUBMISSION;ASH_COATED_OSMIUM;SEASHELLS;10009;5
336200;;SUBMISSION;ASH_COATED_OSMIUM;SEASHELLS;10009;10
337100;;SUBMISSION;ASH_COATED_OSMIUM;SEASHELLS;10009;6
341700;;SUBMISSION;INTARIAN_PEPPER_ROOT;SEASHELLS;11345;8
345100;SUBMISSION;;INTARIAN_PEPPER_ROOT;SEASHELLS;11341;5
346500;SUBMISSION;;INTARIAN_PEPPER_ROOT;SEASHELLS;11343;3
351700;;SUBMISSION;ASH_COATED_OSMIUM;SEASHELLS;10003;5
353500;;SUBMISSION;ASH_COATED_OSMIUM;SEASHELLS;10002;2
354900;SUBMISSION;;ASH_COATED_OSMIUM;SEASHELLS;10000;3
356500;SUBMISSION;;ASH_COATED_OSMIUM;SEASHELLS;10001;3
357300;SUBMISSION;;ASH_COATED_OSMIUM;SEASHELLS;10000;3
359600;SUBMISSION;;ASH_COATED_OSMIUM;SEASHELLS;9998;8
360800;;SUBMISSION;INTARIAN_PEPPER_ROOT;SEASHELLS;11364;5
361800;;SUBMISSION;ASH_COATED_OSMIUM;SEASHELLS;10003;9
364700;SUBMISSION;;INTARIAN_PEPPER_ROOT;SEASHELLS;11366;5
365100;;SUBMISSION;ASH_COATED_OSMIUM;SEASHELLS;10001;7
367800;;SUBMISSION;INTARIAN_PEPPER_ROOT;SEASHELLS;11371;5
368000;SUBMISSION;;ASH_COATED_OSMIUM;SEASHELLS;10000;7
376500;SUBMISSION;;INTARIAN_PEPPER_ROOT;SEASHELLS;11373;5
377100;;SUBMISSION;ASH_COATED_OSMIUM;SEASHELLS;10002;7
377600;;SUBMISSION;ASH_COATED_OSMIUM;SEASHELLS;10003;1
382500;;SUBMISSION;INTARIAN_PEPPER_ROOT;SEASHELLS;11385;4
383300;SUBMISSION;;INTARIAN_PEPPER_ROOT;SEASHELLS;11389;4
387000;;SUBMISSION;INTARIAN_PEPPER_ROOT;SEASHELLS;11390;3
387700;SUBMISSION;;ASH_COATED_OSMIUM;SEASHELLS;9998;7
387800;SUBMISSION;;INTARIAN_PEPPER_ROOT;SEASHELLS;11394;3
390300;;SUBMISSION;INTARIAN_PEPPER_ROOT;SEASHELLS;11393;6
390400;SUBMISSION;;INTARIAN_PEPPER_ROOT;SEASHELLS;11392;6
390700;;SUBMISSION;ASH_COATED_OSMIUM;SEASHELLS;10005;4
394900;SUBMISSION;;ASH_COATED_OSMIUM;SEASHELLS;10003;8
397600;;SUBMISSION;INTARIAN_PEPPER_ROOT;SEASHELLS;11401;6
398400;SUBMISSION;;ASH_COATED_OSMIUM;SEASHELLS;10004;6
398800;SUBMISSION;;INTARIAN_PEPPER_ROOT;SEASHELLS;11395;5
398900;SUBMISSION;;INTARIAN_PEPPER_ROOT;SEASHELLS;11395;1
400300;;SUBMISSION;INTARIAN_PEPPER_ROOT;SEASHELLS;11403;8
400800;SUBMISSION;;INTARIAN_PEPPER_ROOT;SEASHELLS;11397;4
402300;;SUBMISSION;INTARIAN_PEPPER_ROOT;SEASHELLS;11405;5
404200;SUBMISSION;;INTARIAN_PEPPER_ROOT;SEASHELLS;11406;5
405400;SUBMISSION;;INTARIAN_PEPPER_ROOT;SEASHELLS;11407;2
405600;SUBMISSION;;ASH_COATED_OSMIUM;SEASHELLS;10000;6
407700;SUBMISSION;;ASH_COATED_OSMIUM;SEASHELLS;9999;10
409300;SUBMISSION;;INTARIAN_PEPPER_ROOT;SEASHELLS;11405;2
420700;SUBMISSION;;ASH_COATED_OSMIUM;SEASHELLS;9997;4
426900;SUBMISSION;;ASH_COATED_OSMIUM;SEASHELLS;9999;6
429400;;SUBMISSION;INTARIAN_PEPPER_ROOT;SEASHELLS;11432;4
429600;SUBMISSION;;INTARIAN_PEPPER_ROOT;SEASHELLS;11426;3
433700;SUBMISSION;;INTARIAN_PEPPER_ROOT;SEASHELLS;11435;1
435500;;SUBMISSION;INTARIAN_PEPPER_ROOT;SEASHELLS;11438;5
435600;SUBMISSION;;ASH_COATED_OSMIUM;SEASHELLS;10002;4
435600;SUBMISSION;;INTARIAN_PEPPER_ROOT;SEASHELLS;11432;5
437200;;SUBMISSION;INTARIAN_PEPPER_ROOT;SEASHELLS;11440;6
440400;;SUBMISSION;ASH_COATED_OSMIUM;SEASHELLS;10009;7
442500;SUBMISSION;;INTARIAN_PEPPER_ROOT;SEASHELLS;11439;6
443100;;SUBMISSION;INTARIAN_PEPPER_ROOT;SEASHELLS;11446;3
446900;SUBMISSION;;INTARIAN_PEPPER_ROOT;SEASHELLS;11449;1
448800;SUBMISSION;;INTARIAN_PEPPER_ROOT;SEASHELLS;11445;2
452300;SUBMISSION;;ASH_COATED_OSMIUM;SEASHELLS;10002;7
453500;SUBMISSION;;ASH_COATED_OSMIUM;SEASHELLS;10002;8
454400;;SUBMISSION;INTARIAN_PEPPER_ROOT;SEASHELLS;11457;7
454500;SUBMISSION;;INTARIAN_PEPPER_ROOT;SEASHELLS;11456;7
457900;;SUBMISSION;ASH_COATED_OSMIUM;SEASHELLS;10003;9
459200;;SUBMISSION;INTARIAN_PEPPER_ROOT;SEASHELLS;11462;8
463600;;SUBMISSION;ASH_COATED_OSMIUM;SEASHELLS;10005;4
468700;;SUBMISSION;ASH_COATED_OSMIUM;SEASHELLS;10003;7
474500;SUBMISSION;;INTARIAN_PEPPER_ROOT;SEASHELLS;11471;6
478600;;SUBMISSION;INTARIAN_PEPPER_ROOT;SEASHELLS;11482;6
480400;SUBMISSION;;INTARIAN_PEPPER_ROOT;SEASHELLS;11482;6
485800;;SUBMISSION;ASH_COATED_OSMIUM;SEASHELLS;10002;6
487000;;SUBMISSION;ASH_COATED_OSMIUM;SEASHELLS;10003;9
487300;;SUBMISSION;ASH_COATED_OSMIUM;SEASHELLS;10004;10
489300;SUBMISSION;;INTARIAN_PEPPER_ROOT;SEASHELLS;11491;2
493400;;SUBMISSION;ASH_COATED_OSMIUM;SEASHELLS;10006;10
496500;;SUBMISSION;INTARIAN_PEPPER_ROOT;SEASHELLS;11499;6
496800;SUBMISSION;;INTARIAN_PEPPER_ROOT;SEASHELLS;11493;3
497700;SUBMISSION;;ASH_COATED_OSMIUM;SEASHELLS;10001;9
499300;SUBMISSION;;INTARIAN_PEPPER_ROOT;SEASHELLS;11501;3
502900;SUBMISSION;;ASH_COATED_OSMIUM;SEASHELLS;10000;5
511000;;SUBMISSION;ASH_COATED_OSMIUM;SEASHELLS;10004;4
512100;;SUBMISSION;INTARIAN_PEPPER_ROOT;SEASHELLS;11515;6
512300;;SUBMISSION;ASH_COATED_OSMIUM;SEASHELLS;10005;9
513000;SUBMISSION;;INTARIAN_PEPPER_ROOT;SEASHELLS;11509;6
513700;;SUBMISSION;ASH_COATED_OSMIUM;SEASHELLS;10006;1
513800;SUBMISSION;;ASH_COATED_OSMIUM;SEASHELLS;10002;6
513900;;SUBMISSION;ASH_COATED_OSMIUM;SEASHELLS;10005;5
514300;;SUBMISSION;INTARIAN_PEPPER_ROOT;SEASHELLS;11517;6
517200;;SUBMISSION;ASH_COATED_OSMIUM;SEASHELLS;10006;1
521400;SUBMISSION;;ASH_COATED_OSMIUM;SEASHELLS;10001;5
524600;SUBMISSION;;INTARIAN_PEPPER_ROOT;SEASHELLS;11521;3
528700;;SUBMISSION;ASH_COATED_OSMIUM;SEASHELLS;10004;5
530500;SUBMISSION;;INTARIAN_PEPPER_ROOT;SEASHELLS;11532;3
532300;;SUBMISSION;INTARIAN_PEPPER_ROOT;SEASHELLS;11535;5
536800;SUBMISSION;;INTARIAN_PEPPER_ROOT;SEASHELLS;11539;5
537800;;SUBMISSION;INTARIAN_PEPPER_ROOT;SEASHELLS;11541;7
538100;SUBMISSION;;INTARIAN_PEPPER_ROOT;SEASHELLS;11540;5
538300;SUBMISSION;;ASH_COATED_OSMIUM;SEASHELLS;10001;2
538700;SUBMISSION;;ASH_COATED_OSMIUM;SEASHELLS;9996;6
539500;SUBMISSION;;INTARIAN_PEPPER_ROOT;SEASHELLS;11541;2
540300;SUBMISSION;;ASH_COATED_OSMIUM;SEASHELLS;9996;9
543300;;SUBMISSION;INTARIAN_PEPPER_ROOT;SEASHELLS;11546;8
543400;SUBMISSION;;INTARIAN_PEPPER_ROOT;SEASHELLS;11545;6
546700;SUBMISSION;;ASH_COATED_OSMIUM;SEASHELLS;9998;4
546900;SUBMISSION;;INTARIAN_PEPPER_ROOT;SEASHELLS;11543;2
548800;SUBMISSION;;ASH_COATED_OSMIUM;SEASHELLS;9996;8
549100;SUBMISSION;;ASH_COATED_OSMIUM;SEASHELLS;9999;4
550200;;SUBMISSION;INTARIAN_PEPPER_ROOT;SEASHELLS;11553;4
550300;SUBMISSION;;INTARIAN_PEPPER_ROOT;SEASHELLS;11546;4
553500;;SUBMISSION;INTARIAN_PEPPER_ROOT;SEASHELLS;11556;4
554600;SUBMISSION;;INTARIAN_PEPPER_ROOT;SEASHELLS;11551;3
555400;;SUBMISSION;INTARIAN_PEPPER_ROOT;SEASHELLS;11558;4
556900;SUBMISSION;;INTARIAN_PEPPER_ROOT;SEASHELLS;11553;5
560900;;SUBMISSION;INTARIAN_PEPPER_ROOT;SEASHELLS;11564;3
561800;SUBMISSION;;INTARIAN_PEPPER_ROOT;SEASHELLS;11564;3
562800;;SUBMISSION;INTARIAN_PEPPER_ROOT;SEASHELLS;11566;4
564200;SUBMISSION;;ASH_COATED_OSMIUM;SEASHELLS;9997;5
565600;SUBMISSION;;ASH_COATED_OSMIUM;SEASHELLS;9993;6
566900;SUBMISSION;;INTARIAN_PEPPER_ROOT;SEASHELLS;11569;4
567500;SUBMISSION;;ASH_COATED_OSMIUM;SEASHELLS;9994;7
570300;SUBMISSION;;ASH_COATED_OSMIUM;SEASHELLS;9997;8
577000;SUBMISSION;;ASH_COATED_OSMIUM;SEASHELLS;9997;4
578900;SUBMISSION;;ASH_COATED_OSMIUM;SEASHELLS;9997;6
586300;;SUBMISSION;ASH_COATED_OSMIUM;SEASHELLS;10002;4
586900;;SUBMISSION;INTARIAN_PEPPER_ROOT;SEASHELLS;11590;7
589600;SUBMISSION;;ASH_COATED_OSMIUM;SEASHELLS;9998;6
590300;;SUBMISSION;ASH_COATED_OSMIUM;SEASHELLS;10002;8
591500;SUBMISSION;;ASH_COATED_OSMIUM;SEASHELLS;9999;9
591600;SUBMISSION;;INTARIAN_PEPPER_ROOT;SEASHELLS;11588;7
597000;;SUBMISSION;ASH_COATED_OSMIUM;SEASHELLS;10000;9
598100;;SUBMISSION;ASH_COATED_OSMIUM;SEASHELLS;10001;4
598600;SUBMISSION;;ASH_COATED_OSMIUM;SEASHELLS;9997;8
603200;SUBMISSION;;ASH_COATED_OSMIUM;SEASHELLS;9997;6
604900;;SUBMISSION;INTARIAN_PEPPER_ROOT;SEASHELLS;11608;8
606500;SUBMISSION;;INTARIAN_PEPPER_ROOT;SEASHELLS;11603;6
607000;SUBMISSION;;INTARIAN_PEPPER_ROOT;SEASHELLS;11603;2
607900;;SUBMISSION;INTARIAN_PEPPER_ROOT;SEASHELLS;11611;3
611000;SUBMISSION;;INTARIAN_PEPPER_ROOT;SEASHELLS;11607;3
611300;;SUBMISSION;ASH_COATED_OSMIUM;SEASHELLS;10005;4
615700;;SUBMISSION;ASH_COATED_OSMIUM;SEASHELLS;10005;4
617100;SUBMISSION;;ASH_COATED_OSMIUM;SEASHELLS;9999;5
618800;;SUBMISSION;INTARIAN_PEPPER_ROOT;SEASHELLS;11622;6
619600;SUBMISSION;;INTARIAN_PEPPER_ROOT;SEASHELLS;11621;6
621600;;SUBMISSION;INTARIAN_PEPPER_ROOT;SEASHELLS;11625;8
621900;SUBMISSION;;ASH_COATED_OSMIUM;SEASHELLS;9999;7
623000;;SUBMISSION;ASH_COATED_OSMIUM;SEASHELLS;10002;2
635900;SUBMISSION;;ASH_COATED_OSMIUM;SEASHELLS;10001;5
639600;SUBMISSION;;ASH_COATED_OSMIUM;SEASHELLS;10001;7
642000;SUBMISSION;;INTARIAN_PEPPER_ROOT;SEASHELLS;11638;4
648800;SUBMISSION;;INTARIAN_PEPPER_ROOT;SEASHELLS;11645;3
649200;SUBMISSION;;INTARIAN_PEPPER_ROOT;SEASHELLS;11645;1
654000;;SUBMISSION;INTARIAN_PEPPER_ROOT;SEASHELLS;11657;6
654500;SUBMISSION;;INTARIAN_PEPPER_ROOT;SEASHELLS;11651;6
656600;;SUBMISSION;INTARIAN_PEPPER_ROOT;SEASHELLS;11660;3
659100;SUBMISSION;;INTARIAN_PEPPER_ROOT;SEASHELLS;11655;3
661200;;SUBMISSION;ASH_COATED_OSMIUM;SEASHELLS;10010;9
661500;;SUBMISSION;ASH_COATED_OSMIUM;SEASHELLS;10006;2
666300;;SUBMISSION;ASH_COATED_OSMIUM;SEASHELLS;10006;5
667000;;SUBMISSION;ASH_COATED_OSMIUM;SEASHELLS;10008;3
667200;;SUBMISSION;ASH_COATED_OSMIUM;SEASHELLS;10002;15
668300;;SUBMISSION;INTARIAN_PEPPER_ROOT;SEASHELLS;11671;8
669300;;SUBMISSION;ASH_COATED_OSMIUM;SEASHELLS;10003;13
669500;;SUBMISSION;ASH_COATED_OSMIUM;SEASHELLS;10013;8
671600;SUBMISSION;;INTARIAN_PEPPER_ROOT;SEASHELLS;11668;3
671700;;SUBMISSION;ASH_COATED_OSMIUM;SEASHELLS;10003;13
671900;;SUBMISSION;ASH_COATED_OSMIUM;SEASHELLS;10004;10
672600;;SUBMISSION;ASH_COATED_OSMIUM;SEASHELLS;10003;9
674600;SUBMISSION;;INTARIAN_PEPPER_ROOT;SEASHELLS;11681;5
678800;;SUBMISSION;INTARIAN_PEPPER_ROOT;SEASHELLS;11682;3
679600;SUBMISSION;;ASH_COATED_OSMIUM;SEASHELLS;10004;9
682000;SUBMISSION;;INTARIAN_PEPPER_ROOT;SEASHELLS;11684;3
684400;;SUBMISSION;INTARIAN_PEPPER_ROOT;SEASHELLS;11687;3
685800;;SUBMISSION;ASH_COATED_OSMIUM;SEASHELLS;10010;7
686100;SUBMISSION;;INTARIAN_PEPPER_ROOT;SEASHELLS;11682;3
690800;;SUBMISSION;ASH_COATED_OSMIUM;SEASHELLS;10008;2
699800;;SUBMISSION;INTARIAN_PEPPER_ROOT;SEASHELLS;11703;5
704100;SUBMISSION;;INTARIAN_PEPPER_ROOT;SEASHELLS;11700;5
704600;;SUBMISSION;INTARIAN_PEPPER_ROOT;SEASHELLS;11708;7
707700;SUBMISSION;;ASH_COATED_OSMIUM;SEASHELLS;10001;8
709200;SUBMISSION;;INTARIAN_PEPPER_ROOT;SEASHELLS;11705;7
710100;;SUBMISSION;INTARIAN_PEPPER_ROOT;SEASHELLS;11713;5
711500;;SUBMISSION;ASH_COATED_OSMIUM;SEASHELLS;10000;8
712300;SUBMISSION;;ASH_COATED_OSMIUM;SEASHELLS;10000;4
715900;SUBMISSION;;INTARIAN_PEPPER_ROOT;SEASHELLS;11712;4
720000;;SUBMISSION;INTARIAN_PEPPER_ROOT;SEASHELLS;11723;6
723600;SUBMISSION;;ASH_COATED_OSMIUM;SEASHELLS;9995;5
724400;;SUBMISSION;ASH_COATED_OSMIUM;SEASHELLS;10001;9
725500;SUBMISSION;;ASH_COATED_OSMIUM;SEASHELLS;10001;2
726700;;SUBMISSION;ASH_COATED_OSMIUM;SEASHELLS;10001;2
726700;SUBMISSION;;INTARIAN_PEPPER_ROOT;SEASHELLS;11729;5
727600;SUBMISSION;;INTARIAN_PEPPER_ROOT;SEASHELLS;11724;2
727700;;SUBMISSION;INTARIAN_PEPPER_ROOT;SEASHELLS;11731;5
730700;SUBMISSION;;ASH_COATED_OSMIUM;SEASHELLS;9999;2
735000;SUBMISSION;;ASH_COATED_OSMIUM;SEASHELLS;9998;5
735600;SUBMISSION;;ASH_COATED_OSMIUM;SEASHELLS;9999;5
736400;SUBMISSION;;ASH_COATED_OSMIUM;SEASHELLS;9998;5
737200;SUBMISSION;;ASH_COATED_OSMIUM;SEASHELLS;9994;10
737600;SUBMISSION;;INTARIAN_PEPPER_ROOT;SEASHELLS;11744;5
740200;;SUBMISSION;INTARIAN_PEPPER_ROOT;SEASHELLS;11743;5
740400;SUBMISSION;;INTARIAN_PEPPER_ROOT;SEASHELLS;11736;3
743100;SUBMISSION;;ASH_COATED_OSMIUM;SEASHELLS;9992;9
744200;SUBMISSION;;ASH_COATED_OSMIUM;SEASHELLS;9995;4
744400;SUBMISSION;;ASH_COATED_OSMIUM;SEASHELLS;9991;4
745300;SUBMISSION;;ASH_COATED_OSMIUM;SEASHELLS;9994;5
746100;SUBMISSION;;ASH_COATED_OSMIUM;SEASHELLS;9990;4
746100;SUBMISSION;;ASH_COATED_OSMIUM;SEASHELLS;9994;2
746400;SUBMISSION;;INTARIAN_PEPPER_ROOT;SEASHELLS;11742;2
749400;SUBMISSION;;ASH_COATED_OSMIUM;SEASHELLS;9992;10
752200;;SUBMISSION;INTARIAN_PEPPER_ROOT;SEASHELLS;11755;4
755200;SUBMISSION;;INTARIAN_PEPPER_ROOT;SEASHELLS;11751;4
756000;SUBMISSION;;ASH_COATED_OSMIUM;SEASHELLS;9995;5
756700;SUBMISSION;;ASH_COATED_OSMIUM;SEASHELLS;9995;3
758600;SUBMISSION;;ASH_COATED_OSMIUM;SEASHELLS;9994;3
767200;;SUBMISSION;INTARIAN_PEPPER_ROOT;SEASHELLS;11770;3
767600;SUBMISSION;;ASH_COATED_OSMIUM;SEASHELLS;9996;6
770100;SUBMISSION;;ASH_COATED_OSMIUM;SEASHELLS;9999;5
773800;SUBMISSION;;ASH_COATED_OSMIUM;SEASHELLS;9999;4
775300;;SUBMISSION;ASH_COATED_OSMIUM;SEASHELLS;10004;10
775500;;SUBMISSION;ASH_COATED_OSMIUM;SEASHELLS;10003;7
779700;SUBMISSION;;INTARIAN_PEPPER_ROOT;SEASHELLS;11776;3
781200;;SUBMISSION;ASH_COATED_OSMIUM;SEASHELLS;10002;9
784300;;SUBMISSION;ASH_COATED_OSMIUM;SEASHELLS;10002;4
785400;;SUBMISSION;INTARIAN_PEPPER_ROOT;SEASHELLS;11788;6
785700;SUBMISSION;;INTARIAN_PEPPER_ROOT;SEASHELLS;11782;6
788300;SUBMISSION;;ASH_COATED_OSMIUM;SEASHELLS;9998;4
793800;SUBMISSION;;ASH_COATED_OSMIUM;SEASHELLS;9994;7
795700;;SUBMISSION;INTARIAN_PEPPER_ROOT;SEASHELLS;11799;7
796700;SUBMISSION;;ASH_COATED_OSMIUM;SEASHELLS;9997;3
796800;SUBMISSION;;INTARIAN_PEPPER_ROOT;SEASHELLS;11803;7
797500;SUBMISSION;;ASH_COATED_OSMIUM;SEASHELLS;9996;4
799900;;SUBMISSION;INTARIAN_PEPPER_ROOT;SEASHELLS;11803;3
802400;SUBMISSION;;INTARIAN_PEPPER_ROOT;SEASHELLS;11798;3
805300;SUBMISSION;;ASH_COATED_OSMIUM;SEASHELLS;9992;6
805900;SUBMISSION;;ASH_COATED_OSMIUM;SEASHELLS;9992;8
807700;SUBMISSION;;ASH_COATED_OSMIUM;SEASHELLS;9990;4
808100;;SUBMISSION;INTARIAN_PEPPER_ROOT;SEASHELLS;11811;7
809200;SUBMISSION;;ASH_COATED_OSMIUM;SEASHELLS;9993;5
809500;SUBMISSION;;ASH_COATED_OSMIUM;SEASHELLS;9997;2
811900;SUBMISSION;;ASH_COATED_OSMIUM;SEASHELLS;9993;5
812300;SUBMISSION;;ASH_COATED_OSMIUM;SEASHELLS;9996;2
815000;SUBMISSION;;INTARIAN_PEPPER_ROOT;SEASHELLS;11811;3
817100;SUBMISSION;;INTARIAN_PEPPER_ROOT;SEASHELLS;11813;4
818200;SUBMISSION;;ASH_COATED_OSMIUM;SEASHELLS;9993;10
823100;;SUBMISSION;ASH_COATED_OSMIUM;SEASHELLS;9998;9
823900;SUBMISSION;;ASH_COATED_OSMIUM;SEASHELLS;9996;5
824600;SUBMISSION;;ASH_COATED_OSMIUM;SEASHELLS;9991;5
829300;;SUBMISSION;INTARIAN_PEPPER_ROOT;SEASHELLS;11832;6
829600;SUBMISSION;;INTARIAN_PEPPER_ROOT;SEASHELLS;11826;6
831800;SUBMISSION;;ASH_COATED_OSMIUM;SEASHELLS;9989;7
836200;SUBMISSION;;ASH_COATED_OSMIUM;SEASHELLS;9993;8
836900;;SUBMISSION;INTARIAN_PEPPER_ROOT;SEASHELLS;11840;5
840800;;SUBMISSION;ASH_COATED_OSMIUM;SEASHELLS;9998;7
841400;SUBMISSION;;ASH_COATED_OSMIUM;SEASHELLS;9993;6
846700;;SUBMISSION;ASH_COATED_OSMIUM;SEASHELLS;9999;9
847400;SUBMISSION;;INTARIAN_PEPPER_ROOT;SEASHELLS;11843;5
849400;;SUBMISSION;INTARIAN_PEPPER_ROOT;SEASHELLS;11852;5
851900;SUBMISSION;;INTARIAN_PEPPER_ROOT;SEASHELLS;11848;4
852000;SUBMISSION;;ASH_COATED_OSMIUM;SEASHELLS;9994;9
854000;SUBMISSION;;ASH_COATED_OSMIUM;SEASHELLS;9994;8
854700;;SUBMISSION;INTARIAN_PEPPER_ROOT;SEASHELLS;11858;5
854800;SUBMISSION;;ASH_COATED_OSMIUM;SEASHELLS;9994;7
856800;SUBMISSION;;INTARIAN_PEPPER_ROOT;SEASHELLS;11853;6
857100;;SUBMISSION;INTARIAN_PEPPER_ROOT;SEASHELLS;11860;5
866000;;SUBMISSION;ASH_COATED_OSMIUM;SEASHELLS;9998;5
869700;SUBMISSION;;INTARIAN_PEPPER_ROOT;SEASHELLS;11866;3
870000;SUBMISSION;;ASH_COATED_OSMIUM;SEASHELLS;9999;4
874600;SUBMISSION;;INTARIAN_PEPPER_ROOT;SEASHELLS;11871;2
875100;;SUBMISSION;ASH_COATED_OSMIUM;SEASHELLS;10001;4
877300;;SUBMISSION;ASH_COATED_OSMIUM;SEASHELLS;10000;4
879300;;SUBMISSION;INTARIAN_PEPPER_ROOT;SEASHELLS;11882;3
879900;SUBMISSION;;INTARIAN_PEPPER_ROOT;SEASHELLS;11876;1
885700;;SUBMISSION;ASH_COATED_OSMIUM;SEASHELLS;10000;2
886700;;SUBMISSION;ASH_COATED_OSMIUM;SEASHELLS;9999;2
888900;SUBMISSION;;INTARIAN_PEPPER_ROOT;SEASHELLS;11885;2
889200;;SUBMISSION;INTARIAN_PEPPER_ROOT;SEASHELLS;11892;4
892800;SUBMISSION;;ASH_COATED_OSMIUM;SEASHELLS;10000;9
895300;;SUBMISSION;ASH_COATED_OSMIUM;SEASHELLS;10002;5
896500;;SUBMISSION;INTARIAN_PEPPER_ROOT;SEASHELLS;11900;3
897700;SUBMISSION;;INTARIAN_PEPPER_ROOT;SEASHELLS;11900;5
901700;SUBMISSION;;ASH_COATED_OSMIUM;SEASHELLS;9996;6
902300;SUBMISSION;;ASH_COATED_OSMIUM;SEASHELLS;9995;5
903900;;SUBMISSION;INTARIAN_PEPPER_ROOT;SEASHELLS;11907;4
904700;SUBMISSION;;INTARIAN_PEPPER_ROOT;SEASHELLS;11901;6
905200;;SUBMISSION;INTARIAN_PEPPER_ROOT;SEASHELLS;11908;7
909800;;SUBMISSION;ASH_COATED_OSMIUM;SEASHELLS;10000;6
913000;SUBMISSION;;ASH_COATED_OSMIUM;SEASHELLS;9995;7
913600;SUBMISSION;;INTARIAN_PEPPER_ROOT;SEASHELLS;11910;6
914200;SUBMISSION;;ASH_COATED_OSMIUM;SEASHELLS;9994;6
915400;SUBMISSION;;INTARIAN_PEPPER_ROOT;SEASHELLS;11911;1
916100;;SUBMISSION;ASH_COATED_OSMIUM;SEASHELLS;10000;4
918300;;SUBMISSION;INTARIAN_PEPPER_ROOT;SEASHELLS;11921;3
918800;SUBMISSION;;INTARIAN_PEPPER_ROOT;SEASHELLS;11915;3
929100;;SUBMISSION;INTARIAN_PEPPER_ROOT;SEASHELLS;11932;5
930700;SUBMISSION;;ASH_COATED_OSMIUM;SEASHELLS;9995;4
933500;;SUBMISSION;ASH_COATED_OSMIUM;SEASHELLS;10000;4
935700;SUBMISSION;;INTARIAN_PEPPER_ROOT;SEASHELLS;11932;5
936200;;SUBMISSION;INTARIAN_PEPPER_ROOT;SEASHELLS;11939;8
936300;SUBMISSION;;ASH_COATED_OSMIUM;SEASHELLS;9995;4
938200;SUBMISSION;;INTARIAN_PEPPER_ROOT;SEASHELLS;11934;3
939800;SUBMISSION;;INTARIAN_PEPPER_ROOT;SEASHELLS;11936;5
943700;;SUBMISSION;ASH_COATED_OSMIUM;SEASHELLS;10001;8
945800;;SUBMISSION;INTARIAN_PEPPER_ROOT;SEASHELLS;11949;3
949100;;SUBMISSION;ASH_COATED_OSMIUM;SEASHELLS;10001;4
949200;;SUBMISSION;ASH_COATED_OSMIUM;SEASHELLS;10001;2
949400;SUBMISSION;;INTARIAN_PEPPER_ROOT;SEASHELLS;11945;3
950800;;SUBMISSION;ASH_COATED_OSMIUM;SEASHELLS;10001;2
958200;;SUBMISSION;INTARIAN_PEPPER_ROOT;SEASHELLS;11961;7
963600;;SUBMISSION;ASH_COATED_OSMIUM;SEASHELLS;10003;4
964200;;SUBMISSION;ASH_COATED_OSMIUM;SEASHELLS;10006;7
972800;;SUBMISSION;ASH_COATED_OSMIUM;SEASHELLS;10003;5
978700;SUBMISSION;;INTARIAN_PEPPER_ROOT;SEASHELLS;11975;7
984100;;SUBMISSION;ASH_COATED_OSMIUM;SEASHELLS;10006;9
984300;;SUBMISSION;INTARIAN_PEPPER_ROOT;SEASHELLS;11987;3
986600;SUBMISSION;;ASH_COATED_OSMIUM;SEASHELLS;10001;4
986900;SUBMISSION;;INTARIAN_PEPPER_ROOT;SEASHELLS;11983;3
990300;;SUBMISSION;INTARIAN_PEPPER_ROOT;SEASHELLS;11993;3
991700;SUBMISSION;;ASH_COATED_OSMIUM;SEASHELLS;9999;7
995400;;SUBMISSION;ASH_COATED_OSMIUM;SEASHELLS;10003;4
998300;;SUBMISSION;ASH_COATED_OSMIUM;SEASHELLS;10000;3
