timestamp;total;ASH_COATED_OSMIUM;INTARIAN_PEPPER_ROOT
0;-82.5;0.0;-82.5
100;-44.0;0.0;-44.0
200;-157.0;0.0;-157.0
300;-197.0;0.0;-197.0
400;11.0;0.0;11.0
500;-262.0;0.0;-262.0
600;-340.0;0.0;-340.0
700;-418.0;0.0;-418.0
800;209.0;0.0;209.0
900;-489.5;0.0;-489.5
1000;-509.0;0.0;-509.0
1100;-949.0;0.0;-949.0
1200;-309.0;0.0;-309.0
1300;-429.0;0.0;-429.0
1400;-429.0;0.0;-429.0
1500;-309.0;0.0;-309.0
1600;-309.0;0.0;-309.0
1700;-949.0;0.0;-949.0
1800;-429.0;0.0;-429.0
1900;-429.0;0.0;-429.0
2000;-389.0;0.0;-389.0
2100;-869.0;0.0;-869.0
2200;-349.0;0.0;-349.0
2300;-349.0;0.0;-349.0
2400;-349.0;0.0;-349.0
2500;-469.0;0.0;-469.0
2600;-469.0;0.0;-469.0
2700;-349.0;0.0;-349.0
2800;-229.0;0.0;-229.0
2900;-349.0;0.0;-349.0
3000;-309.0;0.0;-309.0
3100;-389.0;0.0;-389.0
3200;-269.0;0.0;-269.0
3300;-149.0;0.0;-149.0
3400;-287.0;-18.0;-269.0
3500;-131.0;18.0;-149.0
3600;-257.0;12.0;-269.0
3700;-137.0;12.0;-149.0
3800;-251.0;18.0;-269.0
3900;-137.0;12.0;-149.0
4000;-217.0;12.0;-229.0
4100;-123.0;66.0;-189.0
4200;-294.0;15.0;-309.0
4300;-225.0;-36.0;-189.0
4400;-48.0;21.0;-69.0
4500;-57.0;12.0;-69.0
4600;-177.0;12.0;-189.0
4700;-63.0;6.0;-69.0
4800;328.0;-3.0;331.0
4900;-168.0;21.0;-189.0
5000;-131.0;18.0;-149.0
5100;-74.0;35.0;-109.0
5200;-85.0;24.0;-109.0
5300;35.0;24.0;11.0
5400;36.0;25.0;11.0
5500;31.0;20.0;11.0
5600;-83.0;26.0;-109.0
5700;-85.0;24.0;-109.0
5800;34.0;23.0;11.0
5900;-85.0;24.0;-109.0
6000;-42.0;27.0;-69.0
6100;347.0;22.0;325.0
6200;-17.0;24.0;-41.0
6300;-17.0;24.0;-41.0
6400;-17.0;24.0;-41.0
6500;-17.0;24.0;-41.0
6600;9.0;50.0;-41.0
6700;-4.0;37.0;-41.0
6800;-7.0;34.0;-41.0
6900;-7.0;34.0;-41.0
7000;34.0;35.0;-1.0
7100;56.0;17.0;39.0
7200;204.0;45.0;159.0
7300;91.0;52.0;39.0
7400;84.0;45.0;39.0
7500;94.5;55.5;39.0
7600;844.0;45.0;799.0
7700;84.0;45.0;39.0
7800;84.0;45.0;39.0
7900;84.0;45.0;39.0
8000;240.5;41.5;199.0
8100;171.0;52.0;119.0
8200;51.0;52.0;-1.0
8300;167.5;48.5;119.0
8400;270.0;31.0;239.0
8500;164.0;45.0;119.0
8600;171.0;52.0;119.0
8700;101.0;-18.0;119.0
8800;178.0;59.0;119.0
8900;294.5;55.5;239.0
9000;91.0;52.0;39.0
9100;771.0;52.0;719.0
9200;258.0;59.0;199.0
9300;131.0;52.0;79.0
9400;660.0;73.0;587.0
9500;376.5;41.5;335.0
9600;213.0;38.0;175.0
9700;220.0;45.0;175.0
9800;213.0;38.0;175.0
9900;199.0;24.0;175.0
10000;263.0;48.0;215.0
10100;183.0;48.0;135.0
10200;303.0;48.0;255.0
10300;285.0;30.0;255.0
10400;303.0;48.0;255.0
10500;303.0;48.0;255.0
10600;303.0;48.0;255.0
10700;297.0;42.0;255.0
10800;303.0;48.0;255.0
10900;451.0;36.0;415.0
11000;427.0;132.0;295.0
11100;371.0;36.0;335.0
11200;257.0;42.0;215.0
11300;383.0;48.0;335.0
11400;365.0;30.0;335.0
11500;263.0;48.0;215.0
11600;395.0;60.0;335.0
11700;503.0;48.0;455.0
11800;287.0;-48.0;335.0
11900;383.0;48.0;335.0
12000;423.0;48.0;375.0
12100;445.0;30.0;415.0
12200;325.0;30.0;295.0
12300;983.0;48.0;935.0
12400;349.0;54.0;295.0
12500;571.0;36.0;535.0
12600;331.0;36.0;295.0
12700;469.0;54.0;415.0
12800;-297.0;48.0;-345.0
12900;451.0;36.0;415.0
13000;479.0;24.0;455.0
13100;411.0;36.0;375.0
13200;537.0;42.0;495.0
13300;411.0;36.0;375.0
13400;531.0;36.0;495.0
13500;531.0;36.0;495.0
13600;519.0;24.0;495.0
13700;531.0;36.0;495.0
13800;651.0;36.0;615.0
13900;531.0;36.0;495.0
14000;571.0;36.0;535.0
14100;707.0;132.0;575.0
14200;593.0;18.0;575.0
14300;971.0;48.0;923.0
14400;641.0;90.0;551.0
14500;-161.0;48.0;-209.0
14600;599.0;48.0;551.0
14700;611.0;60.0;551.0
14800;1119.0;48.0;1071.0
14900;599.0;48.0;551.0
15000;79.0;48.0;31.0
15100;559.0;48.0;511.0
15200;691.0;60.0;631.0
15300;673.0;42.0;631.0
15400;679.0;48.0;631.0
15500;703.0;72.0;631.0
15600;679.0;48.0;631.0
15700;811.0;60.0;751.0
15800;869.0;78.0;791.0
15900;727.0;96.0;631.0
16000;623.0;72.0;551.0
16100;801.0;90.0;711.0
16200;747.0;36.0;711.0
16300;783.0;72.0;711.0
16400;753.0;42.0;711.0
16500;891.0;60.0;831.0
16600;783.0;72.0;711.0
16700;120903.0;120072.0;831.0
16800;702.0;-9.0;711.0
16900;797.0;86.0;711.0
17000;957.0;86.0;871.0
17100;978.0;67.0;911.0
17200;858.0;67.0;791.0
17300;858.0;67.0;791.0
17400;839.0;48.0;791.0
17500;858.0;67.0;791.0
17600;858.0;67.0;791.0
17700;490.0;219.0;271.0
17800;858.0;67.0;791.0
17900;858.0;67.0;791.0
18000;338.0;67.0;271.0
18100;938.0;67.0;871.0
18200;789.5;38.5;751.0
18300;818.0;67.0;751.0
18400;919.0;48.0;871.0
18500;919.0;48.0;871.0
18600;919.0;48.0;871.0
18700;825.5;114.5;711.0
18800;919.0;48.0;871.0
18900;1067.5;76.5;991.0
19000;959.0;48.0;911.0
19100;980.0;29.0;951.0
19200;1538.0;67.0;1471.0
19300;462.0;-49.0;511.0
19400;912.0;81.0;831.0
19500;1071.0;120.0;951.0
19600;1032.0;81.0;951.0
19700;1126.0;55.0;1071.0
19800;1032.0;81.0;951.0
19900;1032.0;81.0;951.0
20000;1280.0;289.0;991.0
20100;1151.0;120.0;1031.0
20200;672.0;81.0;591.0
20300;631.0;120.0;511.0
20400;1018.0;107.0;911.0
20500;1242.0;211.0;1031.0
20600;1138.0;107.0;1031.0
20700;1258.0;107.0;1151.0
20800;1018.0;107.0;911.0
20900;1138.0;107.0;1031.0
21000;1272.0;81.0;1191.0
21100;1140.0;29.0;1111.0
21200;1426.0;315.0;1111.0
21300;672.0;81.0;591.0
21400;1244.0;133.0;1111.0
21500;1192.0;81.0;1111.0
21600;1231.0;120.0;1111.0
21700;1520.0;289.0;1231.0
21800;1218.0;107.0;1111.0
21900;1192.0;81.0;1111.0
22000;1084.0;-67.0;1151.0
22100;1284.0;93.0;1191.0
22200;1252.0;61.0;1191.0
22300;1220.0;29.0;1191.0
22400;1236.0;45.0;1191.0
22500;1252.0;61.0;1191.0
22600;1284.0;93.0;1191.0
22700;1252.0;61.0;1191.0
22800;1116.0;45.0;1071.0
22900;1028.0;-163.0;1191.0
23000;1356.0;125.0;1231.0
23100;1364.0;93.0;1271.0
23200;1884.0;93.0;1791.0
23300;1396.0;125.0;1271.0
23400;2172.0;141.0;2031.0
23500;1452.0;61.0;1391.0
23600;1364.0;93.0;1271.0
23700;908.0;157.0;751.0
23800;1396.0;125.0;1271.0
23900;1620.0;349.0;1271.0
24000;1756.0;445.0;1311.0
24100;1412.0;61.0;1351.0
24200;1476.0;125.0;1351.0
24300;1324.0;93.0;1231.0
24400;1476.0;125.0;1351.0
24500;1476.0;125.0;1351.0
24600;1476.0;125.0;1351.0
24700;1348.0;-163.0;1511.0
24800;1444.0;93.0;1351.0
24900;1700.0;349.0;1351.0
25000;1228.0;-163.0;1391.0
25100;1428.0;-3.0;1431.0
25200;1644.0;93.0;1551.0
25300;1524.0;93.0;1431.0
25400;1388.0;-163.0;1551.0
25500;1524.0;93.0;1431.0
25600;1524.0;93.0;1431.0
25700;1524.0;93.0;1431.0
25800;1588.0;157.0;1431.0
25900;1524.0;93.0;1431.0
26000;1564.0;93.0;1471.0
26100;2124.0;93.0;2031.0
26200;1636.0;125.0;1511.0
26300;1348.0;-163.0;1511.0
26400;1723.0;212.0;1511.0
26500;1710.5;199.5;1511.0
26600;1617.0;106.0;1511.0
26700;1737.0;106.0;1631.0
26800;1642.5;131.5;1511.0
26900;1634.0;123.0;1511.0
27000;2259.5;148.5;2111.0
27100;1705.5;114.5;1591.0
27200;818.0;-13.0;831.0
27300;1517.5;46.5;1471.0
27400;1714.0;123.0;1591.0
27500;1714.0;123.0;1591.0
27600;1834.0;123.0;1711.0
27700;1554.0;123.0;1431.0
27800;1731.0;140.0;1591.0
27900;1611.0;140.0;1471.0
28000;1771.0;140.0;1631.0
28100;1675.0;4.0;1671.0
28200;1939.5;148.5;1791.0
28300;1794.0;123.0;1671.0
28400;1674.0;123.0;1551.0
28500;1794.0;123.0;1671.0
28600;1699.5;148.5;1551.0
28700;1802.5;131.5;1671.0
28800;1794.0;123.0;1671.0
28900;1914.0;123.0;1791.0
29000;1851.0;140.0;1711.0
29100;2394.0;123.0;2271.0
29200;1754.0;123.0;1631.0
29300;1434.0;123.0;1311.0
29400;1882.5;131.5;1751.0
29500;1814.5;63.5;1751.0
29600;1874.0;123.0;1751.0
29700;1908.0;157.0;1751.0
29800;1857.0;106.0;1751.0
29900;1874.0;123.0;1751.0
30000;2034.0;123.0;1911.0
30100;1954.0;123.0;1831.0
30200;1194.0;123.0;1071.0
30300;1954.0;123.0;1831.0
30400;2074.0;123.0;1951.0
30500;1459.5;148.5;1311.0
30600;1954.0;123.0;1831.0
30700;1818.0;-13.0;1831.0
30800;1979.5;148.5;1831.0
30900;1834.0;123.0;1711.0
31000;2139.5;148.5;1991.0
31100;-960452.0;157.0;-960609.0
31200;2154.0;123.0;2031.0
31300;1274.0;123.0;1151.0
31400;1974.5;63.5;1911.0
31500;2034.0;123.0;1911.0
31600;1914.0;123.0;1791.0
31700;2428.0;123.0;2305.0
31800;2048.0;123.0;1925.0
31900;2048.0;123.0;1925.0
32000;2086.0;123.0;1963.0
32100;2141.0;140.0;2001.0
32200;2064.5;63.5;2001.0
32300;2238.0;123.0;2115.0
32400;2618.0;123.0;2495.0
32500;2069.5;182.5;1887.0
32600;2529.5;148.5;2381.0
32700;2119.0;4.0;2115.0
32800;2141.0;140.0;2001.0
32900;2044.0;157.0;1887.0
33000;2293.0;140.0;2153.0
33100;2234.0;157.0;2077.0
33200;2217.0;140.0;2077.0
33300;2217.0;140.0;2077.0
33400;2200.0;123.0;2077.0
33500;2208.5;131.5;2077.0
33600;2149.0;72.0;2077.0
33700;2217.0;140.0;2077.0
33800;2370.0;293.0;2077.0
33900;1689.0;106.0;1583.0
34000;2335.0;106.0;2229.0
34100;2373.0;106.0;2267.0
34200;2162.0;123.0;2039.0
34300;1918.0;259.0;1659.0
34400;2301.5;148.5;2153.0
34500;2276.0;123.0;2153.0
34600;2179.0;140.0;2039.0
34700;2276.0;123.0;2153.0
34800;2162.0;123.0;2039.0
34900;2276.0;123.0;2153.0
35000;1554.0;123.0;1431.0
35100;2352.0;123.0;2229.0
35200;2352.0;123.0;2229.0
35300;2846.0;123.0;2723.0
35400;2318.0;89.0;2229.0
35500;2326.5;97.5;2229.0
35600;172483.0;170140.0;2343.0
35700;2846.0;123.0;2723.0
35800;2238.0;123.0;2115.0
35900;2352.0;123.0;2229.0
36000;2390.0;123.0;2267.0
36100;2542.0;123.0;2419.0
36200;2428.0;123.0;2305.0
36300;2496.0;191.0;2305.0
36400;2610.0;191.0;2419.0
36500;2559.0;140.0;2419.0
36600;2470.5;165.5;2305.0
36700;2428.0;123.0;2305.0
36800;2445.0;140.0;2305.0
36900;2584.5;165.5;2419.0
37000;2500.0;157.0;2343.0
37100;2495.5;114.5;2381.0
37200;2643.5;148.5;2495.0
37300;2407.0;140.0;2267.0
37400;2521.0;140.0;2381.0
37500;2521.0;140.0;2381.0
37600;2381.5;114.5;2267.0
37700;2529.5;148.5;2381.0
37800;2390.0;123.0;2267.0
37900;2521.0;140.0;2381.0
38000;2656.0;123.0;2533.0
38100;2580.0;123.0;2457.0
38200;2694.0;123.0;2571.0
38300;2466.0;123.0;2343.0
38400;2580.0;123.0;2457.0
38500;2086.0;123.0;1963.0
38600;2580.0;123.0;2457.0
38700;2024.0;-47.0;2071.0
38800;2739.5;148.5;2591.0
38900;2628.0;157.0;2471.0
39000;2668.0;157.0;2511.0
39100;2674.0;123.0;2551.0
39200;2674.0;123.0;2551.0
39300;3357.5;46.5;3311.0
39400;2930.0;259.0;2671.0
39500;2648.5;97.5;2551.0
39600;2674.0;123.0;2551.0
39700;2794.0;123.0;2671.0
39800;2257.0;106.0;2151.0
39900;2537.0;106.0;2431.0
40000;2714.0;123.0;2591.0
40100;2857.0;106.0;2751.0
40200;2217.0;106.0;2111.0
40300;2737.0;106.0;2631.0
40400;2874.0;123.0;2751.0
40500;2234.0;123.0;2111.0
40600;2474.0;123.0;2351.0
40700;2737.0;106.0;2631.0
40800;2754.0;123.0;2631.0
40900;2754.0;123.0;2631.0
41000;2794.0;123.0;2671.0
41100;2834.0;123.0;2711.0
41200;2331.0;140.0;2191.0
41300;2715.0;4.0;2711.0
41400;2954.0;123.0;2831.0
41500;3090.0;259.0;2831.0
41600;2945.5;114.5;2831.0
41700;2851.0;140.0;2711.0
41800;2876.5;165.5;2711.0
41900;2834.0;123.0;2711.0
42000;2314.0;123.0;2191.0
42100;2914.0;123.0;2791.0
42200;2802.5;131.5;2671.0
42300;2914.0;123.0;2791.0
42400;2453.5;182.5;2271.0
42500;2914.0;123.0;2791.0
42600;2914.0;123.0;2791.0
42700;2897.0;106.0;2791.0
42800;2897.0;106.0;2791.0
42900;3034.0;123.0;2911.0
43000;2954.0;123.0;2831.0
43100;3088.5;97.5;2991.0
43200;2994.0;123.0;2871.0
43300;3114.0;123.0;2991.0
43400;3114.0;123.0;2991.0
43500;2994.0;123.0;2871.0
43600;2554.0;123.0;2431.0
43700;3002.5;131.5;2871.0
43800;2994.0;123.0;2871.0
43900;2994.0;123.0;2871.0
44000;2898.0;-13.0;2911.0
44100;3219.5;148.5;3071.0
44200;3074.0;123.0;2951.0
44300;3074.0;123.0;2951.0
44400;2954.0;123.0;2831.0
44500;2921.0;-30.0;2951.0
44600;3074.0;123.0;2951.0
44700;3594.0;123.0;3471.0
44800;3147.0;196.0;2951.0
44900;3082.0;131.0;2951.0
45000;3235.5;124.5;3111.0
45100;2655.0;144.0;2511.0
45200;3155.5;124.5;3031.0
45300;3222.0;191.0;3031.0
45400;3183.5;152.5;3031.0
45500;3187.0;156.0;3031.0
45600;3077.5;166.5;2911.0
45700;3176.5;145.5;3031.0
45800;3194.0;163.0;3031.0
45900;3187.0;156.0;3031.0
46000;3375.0;184.0;3191.0
46100;3401.0;170.0;3231.0
46200;3387.0;156.0;3231.0
46300;3397.5;166.5;3231.0
46400;3787.0;156.0;3631.0
46500;3267.0;156.0;3111.0
46600;3263.5;152.5;3111.0
46700;3281.0;170.0;3111.0
46800;3284.5;173.5;3111.0
46900;3554.0;163.0;3391.0
47000;3314.0;163.0;3151.0
47100;3347.0;156.0;3191.0
47200;3255.0;184.0;3071.0
47300;3354.0;163.0;3191.0
47400;2844.5;173.5;2671.0
47500;3371.5;180.5;3191.0
47600;3350.5;159.5;3191.0
47700;2982.0;191.0;2791.0
47800;3361.0;170.0;3191.0
47900;3357.5;166.5;3191.0
48000;3401.0;170.0;3231.0
48100;3561.0;170.0;3391.0
48200;3441.0;170.0;3271.0
48300;3448.0;177.0;3271.0
48400;3430.5;159.5;3271.0
48500;3561.0;170.0;3391.0
48600;3441.0;170.0;3271.0
48700;3441.0;170.0;3271.0
48800;3161.0;170.0;2991.0
48900;3604.5;173.5;3431.0
49000;3467.0;156.0;3311.0
49100;3482.5;131.5;3351.0
49200;3521.0;170.0;3351.0
49300;3634.0;163.0;3471.0
49400;3521.0;170.0;3351.0
49500;3521.0;170.0;3351.0
49600;3521.0;170.0;3351.0
49700;3521.0;170.0;3351.0
49800;3107.0;156.0;2951.0
49900;3514.0;163.0;3351.0
50000;3004.5;173.5;2831.0
50100;3594.0;163.0;3431.0
50200;4124.5;173.5;3951.0
50300;3601.0;170.0;3431.0
50400;3594.0;163.0;3431.0
50500;3601.0;170.0;3431.0
50600;3488.0;177.0;3311.0
50700;3601.0;170.0;3431.0
50800;3721.0;170.0;3551.0
50900;3601.0;170.0;3431.0
51000;3644.5;173.5;3471.0
51100;3681.0;170.0;3511.0
51200;3143.5;152.5;2991.0
51300;3561.0;170.0;3391.0
51400;3670.5;159.5;3511.0
51500;3794.0;163.0;3631.0
51600;3684.5;173.5;3511.0
51700;3277.5;166.5;3111.0
51800;3618.0;107.0;3511.0
51900;3564.5;173.5;3391.0
52000;3717.5;166.5;3551.0
52100;3747.0;156.0;3591.0
52200;3754.0;163.0;3591.0
52300;3754.0;163.0;3591.0
52400;4302.0;191.0;4111.0
52500;3754.0;163.0;3591.0
52600;3651.5;180.5;3471.0
52700;3761.0;170.0;3591.0
52800;3775.0;184.0;3591.0
52900;3768.0;177.0;3591.0
53000;3688.0;177.0;3511.0
53100;3321.0;170.0;3151.0
53200;3848.0;177.0;3671.0
53300;3731.5;180.5;3551.0
53400;4371.5;180.5;4191.0
53500;3841.0;170.0;3671.0
53600;3961.0;170.0;3791.0
53700;3282.5;131.5;3151.0
53800;3897.0;226.0;3671.0
53900;3848.0;177.0;3671.0
54000;3888.0;177.0;3711.0
54100;3928.0;177.0;3751.0
54200;4048.0;177.0;3871.0
54300;4455.0;184.0;4271.0
54400;3815.0;184.0;3631.0
54500;3924.5;173.5;3751.0
54600;3942.0;191.0;3751.0
54700;3935.0;184.0;3751.0
54800;3935.0;184.0;3751.0
54900;3644.5;173.5;3471.0
55000;3982.0;191.0;3791.0
55100;4015.0;184.0;3831.0
55200;3895.0;184.0;3711.0
55300;4015.0;184.0;3831.0
55400;4015.0;184.0;3831.0
55500;4015.0;184.0;3831.0
55600;3495.0;184.0;3311.0
55700;4008.0;177.0;3831.0
55800;4079.0;128.0;3951.0
55900;3959.0;128.0;3831.0
56000;4070.5;199.5;3871.0
56100;4098.0;187.0;3911.0
56200;4085.5;174.5;3911.0
56300;3573.0;182.0;3391.0
56400;4070.5;159.5;3911.0
56500;4098.0;187.0;3911.0
56600;4213.0;182.0;4031.0
56700;4088.0;177.0;3911.0
56800;3973.0;182.0;3791.0
56900;3968.0;177.0;3791.0
57000;4105.5;154.5;3951.0
57100;4173.0;182.0;3991.0
57200;4168.0;177.0;3991.0
57300;4173.0;182.0;3991.0
57400;4197.0;206.0;3991.0
57500;4185.0;194.0;3991.0
57600;4231.0;240.0;3991.0
57700;4067.0;196.0;3871.0
57800;4713.0;202.0;4511.0
57900;4193.0;202.0;3991.0
58000;4787.0;196.0;4591.0
58100;4147.0;196.0;3951.0
58200;4387.0;196.0;4191.0
58300;4115.0;164.0;3951.0
58400;4265.0;194.0;4071.0
58500;4267.0;196.0;4071.0
58600;3747.0;196.0;3551.0
58700;4261.0;190.0;4071.0
58800;4355.0;164.0;4191.0
58900;4107.0;196.0;3911.0
59000;4155.0;164.0;3991.0
59100;4353.0;202.0;4151.0
59200;3827.0;196.0;3631.0
59300;4351.0;200.0;4151.0
59400;4343.0;192.0;4151.0
59500;4343.0;192.0;4151.0
59600;3903.0;192.0;3711.0
59700;4343.0;192.0;4151.0
59800;4223.0;192.0;4031.0
59900;4347.0;196.0;4151.0
60000;4387.0;196.0;4191.0
60100;4427.0;196.0;4231.0
60200;4951.0;200.0;4751.0
60300;3991.0;200.0;3791.0
60400;4427.0;196.0;4231.0
60500;4301.0;190.0;4111.0
60600;4427.0;196.0;4231.0
60700;4431.0;200.0;4231.0
60800;4427.0;196.0;4231.0
60900;4307.0;196.0;4111.0
61000;4471.0;200.0;4271.0
61100;4399.0;208.0;4191.0
61200;4483.0;172.0;4311.0
61300;4515.0;204.0;4311.0
61400;4515.0;204.0;4311.0
61500;4483.0;172.0;4311.0
61600;4427.0;236.0;4191.0
61700;4515.0;204.0;4311.0
61800;4395.0;204.0;4191.0
61900;4635.0;204.0;4431.0
62000;4555.0;204.0;4351.0
62100;4591.0;200.0;4391.0
62200;4075.0;204.0;3871.0
62300;4475.0;204.0;4271.0
62400;4595.0;204.0;4391.0
62500;4595.0;204.0;4391.0
62600;4719.0;208.0;4511.0
62700;4475.0;204.0;4271.0
62800;4595.0;204.0;4391.0
62900;4079.0;208.0;3871.0
63000;4629.0;198.0;4431.0
63100;4671.0;200.0;4471.0
63200;4667.0;196.0;4471.0
63300;4797.0;206.0;4591.0
63400;4583.0;232.0;4351.0
63500;4667.0;196.0;4471.0
63600;4511.0;160.0;4351.0
63700;4675.0;204.0;4471.0
63800;5163.0;172.0;4991.0
63900;4791.0;200.0;4591.0
64000;4707.0;196.0;4511.0
64100;4871.0;200.0;4671.0
64200;5099.0;200.0;4899.0
64300;4766.0;200.0;4566.0
64400;4766.0;200.0;4566.0
64500;4766.0;200.0;4566.0
64600;4766.0;200.0;4566.0
64700;4069.0;206.0;3863.0
64800;4770.0;204.0;4566.0
64900;4734.0;168.0;4566.0
65000;4920.0;206.0;4714.0
65100;4868.0;228.0;4640.0
65200;4947.0;196.0;4751.0
65300;4729.0;200.0;4529.0
65400;4840.0;200.0;4640.0
65500;4844.0;204.0;4640.0
65600;4751.0;222.0;4529.0
65700;4361.0;220.0;4141.0
65800;4705.0;204.0;4501.0
65900;4865.0;204.0;4661.0
66000;4901.0;200.0;4701.0
66100;4945.0;204.0;4741.0
66200;5073.0;212.0;4861.0
66300;4945.0;204.0;4741.0
66400;4955.0;214.0;4741.0
66500;4939.0;198.0;4741.0
66600;5065.0;204.0;4861.0
66700;4977.0;236.0;4741.0
66800;4945.0;204.0;4741.0
66900;4829.0;208.0;4621.0
67000;4979.0;198.0;4781.0
67100;4905.0;204.0;4701.0
67200;5025.0;204.0;4821.0
67300;5023.0;202.0;4821.0
67400;5025.0;204.0;4821.0
67500;5025.0;204.0;4821.0
67600;4990.5;169.5;4821.0
67700;4902.0;201.0;4701.0
67800;4911.0;210.0;4701.0
67900;5040.0;219.0;4821.0
68000;5080.0;219.0;4861.0
68100;5120.0;219.0;4901.0
68200;5120.0;219.0;4901.0
68300;5120.0;219.0;4901.0
68400;5240.0;219.0;5021.0
68500;5240.0;219.0;5021.0
68600;5106.5;205.5;4901.0
68700;5312.0;291.0;5021.0
68800;5111.0;210.0;4901.0
68900;5231.0;210.0;5021.0
69000;4960.0;219.0;4741.0
69100;5200.0;219.0;4981.0
69200;5200.0;219.0;4981.0
69300;5320.0;219.0;5101.0
69400;5010.5;149.5;4861.0
69500;5198.5;217.5;4981.0
69600;5266.5;285.5;4981.0
69700;5224.0;243.0;4981.0
69800;5088.0;107.0;4981.0
69900;5224.0;243.0;4981.0
70000;5247.0;226.0;5021.0
70100;4544.0;243.0;4301.0
70200;5184.0;243.0;4941.0
70300;5304.0;243.0;5061.0
70400;5304.0;243.0;5061.0
70500;5958.0;137.0;5821.0
70600;5318.0;257.0;5061.0
70700;5342.0;281.0;5061.0
70800;5126.0;65.0;5061.0
70900;5318.0;257.0;5061.0
71000;5382.0;281.0;5101.0
71100;5422.0;281.0;5141.0
71200;5422.0;281.0;5141.0
71300;5398.0;257.0;5141.0
71400;5506.0;245.0;5261.0
71500;5942.0;281.0;5661.0
71600;5458.0;197.0;5261.0
71700;5302.0;281.0;5021.0
71800;5590.0;329.0;5261.0
71900;5446.0;305.0;5141.0
72000;5462.0;281.0;5181.0
72100;5526.0;305.0;5221.0
72200;5526.0;305.0;5221.0
72300;5418.0;317.0;5101.0
72400;5526.0;305.0;5221.0
72500;5550.0;329.0;5221.0
72600;5430.0;329.0;5101.0
72700;5550.0;329.0;5221.0
72800;5550.0;329.0;5221.0
72900;5670.0;329.0;5341.0
73000;5590.0;329.0;5261.0
73100;5654.0;353.0;5301.0
73200;5750.0;329.0;5421.0
73300;5702.0;521.0;5181.0
73400;6117.0;317.0;5800.0
73500;5678.5;353.0;5325.5
73600;5678.5;353.0;5325.5
73700;5836.0;401.0;5435.0
73800;5537.0;377.0;5160.0
73900;5777.0;377.0;5400.0
74000;5697.0;377.0;5320.0
74100;5809.0;569.0;5240.0
74200;5737.0;377.0;5360.0
74300;5961.0;401.0;5560.0
74400;5341.0;377.0;4964.0
74500;5770.0;377.0;5393.0
74600;5746.0;353.0;5393.0
74700;6277.0;377.0;5900.0
74800;5601.0;341.0;5260.0
74900;5757.0;377.0;5380.0
75000;5797.0;377.0;5420.0
75100;5837.0;377.0;5460.0
75200;5837.0;377.0;5460.0
75300;5837.0;377.0;5460.0
75400;5837.0;377.0;5460.0
75500;5837.0;377.0;5460.0
75600;5957.0;377.0;5580.0
75700;5825.0;365.0;5460.0
75800;5813.0;353.0;5460.0
75900;5885.0;425.0;5460.0
76000;6045.0;545.0;5500.0
76100;5809.0;269.0;5540.0
76200;5893.0;353.0;5540.0
76300;5929.0;389.0;5540.0
76400;5893.0;353.0;5540.0
76500;5821.0;401.0;5420.0
76600;5917.0;377.0;5540.0
76700;5941.0;401.0;5540.0
76800;5905.0;365.0;5540.0
76900;5941.0;401.0;5540.0
77000;5957.0;377.0;5580.0
77100;5889.0;389.0;5500.0
77200;5261.0;401.0;4860.0
77300;6173.0;209.0;5964.0
77400;6077.0;437.0;5640.0
77500;6017.0;377.0;5640.0
77600;6149.0;401.0;5748.0
77700;6041.0;401.0;5640.0
77800;5861.0;401.0;5460.0
77900;6213.0;593.0;5620.0
78000;6229.0;569.0;5660.0
78100;6033.5;453.5;5580.0
78200;6119.0;419.0;5700.0
78300;6095.0;395.0;5700.0
78400;6095.0;395.0;5700.0
78500;6086.0;386.0;5700.0
78600;6621.0;401.0;6220.0
78700;6203.0;383.0;5820.0
78800;5909.0;329.0;5580.0
78900;5935.0;395.0;5540.0
79000;6129.0;389.0;5740.0
79100;6295.0;395.0;5900.0
79200;6169.0;389.0;5780.0
79300;6178.0;398.0;5780.0
79400;6145.0;365.0;5780.0
79500;6223.0;443.0;5780.0
79600;6166.0;386.0;5780.0
79700;6151.0;371.0;5780.0
79800;6052.0;392.0;5660.0
79900;6175.0;395.0;5780.0
80000;6215.0;395.0;5820.0
80100;6246.0;386.0;5860.0
80200;6255.0;395.0;5860.0
80300;6255.0;395.0;5860.0
80400;6249.0;389.0;5860.0
80500;6231.0;371.0;5860.0
80600;6375.0;395.0;5980.0
80700;6255.0;395.0;5860.0
80800;6261.0;401.0;5860.0
80900;6369.0;389.0;5980.0
81000;6295.0;395.0;5900.0
81100;6320.0;380.0;5940.0
81200;6323.0;383.0;5940.0
81300;6443.0;383.0;6060.0
81400;6323.0;383.0;5940.0
81500;6329.0;389.0;5940.0
81600;6323.0;383.0;5940.0
81700;6437.0;377.0;6060.0
81800;6485.0;425.0;6060.0
81900;6326.0;386.0;5940.0
82000;6917.0;377.0;6540.0
82100;6388.0;368.0;6020.0
82200;6511.0;371.0;6140.0
82300;5828.0;368.0;5460.0
82400;6337.0;437.0;5900.0
82500;6397.0;377.0;6020.0
82600;6397.0;377.0;6020.0
82700;6421.0;401.0;6020.0
82800;6505.0;365.0;6140.0
82900;6439.0;419.0;6020.0
83000;5871.0;371.0;5500.0
83100;6462.0;362.0;6100.0
83200;5705.0;365.0;5340.0
83300;6585.0;365.0;6220.0
83400;6465.0;365.0;6100.0
83500;6465.0;365.0;6100.0
83600;6465.0;365.0;6100.0
83700;6465.0;365.0;6100.0
83800;6985.0;365.0;6620.0
83900;6459.0;359.0;6100.0
84000;6379.0;359.0;6020.0
84100;6560.0;380.0;6180.0
84200;6545.0;365.0;6180.0
84300;7065.0;365.0;6700.0
84400;6025.0;365.0;5660.0
84500;6539.0;359.0;6180.0
84600;7065.0;365.0;6700.0
84700;6659.0;359.0;6300.0
84800;6485.0;305.0;6180.0
84900;6565.0;385.0;6180.0
85000;6605.0;385.0;6220.0
85100;6765.0;385.0;6380.0
85200;6517.0;377.0;6140.0
85300;6685.0;425.0;6260.0
85400;6629.0;369.0;6260.0
85500;6629.0;369.0;6260.0
85600;6645.0;385.0;6260.0
85700;6645.0;385.0;6260.0
85800;6765.0;385.0;6380.0
85900;7181.0;401.0;6780.0
86000;6589.0;409.0;6180.0
86100;6845.0;385.0;6460.0
86200;6621.0;401.0;6220.0
86300;6709.0;369.0;6340.0
86400;6717.0;377.0;6340.0
86500;7261.0;401.0;6860.0
86600;6637.0;417.0;6220.0
86700;6773.0;433.0;6340.0
86800;6757.0;417.0;6340.0
86900;6221.0;401.0;5820.0
87000;6781.0;401.0;6380.0
87100;6813.0;393.0;6420.0
87200;6693.0;393.0;6300.0
87300;6821.0;401.0;6420.0
87400;6720.0;300.0;6420.0
87500;6968.0;668.0;6300.0
87600;6771.0;231.0;6540.0
87700;6623.0;323.0;6300.0
87800;7088.0;668.0;6420.0
87900;6481.0;461.0;6020.0
88000;6921.0;461.0;6460.0
88100;6841.0;461.0;6380.0
88200;7025.0;645.0;6380.0
88300;6864.0;484.0;6380.0
88400;6984.0;484.0;6500.0
88500;6984.0;484.0;6500.0
88600;7168.0;668.0;6500.0
88700;6984.0;484.0;6500.0
88800;6984.0;484.0;6500.0
88900;7007.0;507.0;6500.0
89000;7024.0;484.0;6540.0
89100;6521.0;461.0;6060.0
89200;7184.0;484.0;6700.0
89300;7176.5;596.5;6580.0
89400;7091.0;511.0;6580.0
89500;7091.0;511.0;6580.0
89600;7239.5;539.5;6700.0
89700;7110.0;530.0;6580.0
89800;7028.0;568.0;6460.0
89900;7091.0;511.0;6580.0
90000;7030.0;530.0;6500.0
90100;7190.0;530.0;6660.0
90200;7190.0;530.0;6660.0
90300;7209.0;549.0;6660.0
90400;7171.0;511.0;6660.0
90500;7329.0;549.0;6780.0
90600;7190.0;530.0;6660.0
90700;7190.0;530.0;6660.0
90800;7218.5;558.5;6660.0
90900;6278.0;378.0;5900.0
91000;7312.0;492.0;6820.0
91100;7599.0;511.0;7088.0
91200;7247.0;492.0;6755.0
91300;7266.0;511.0;6755.0
91400;7377.0;511.0;6866.0
91500;7237.5;482.5;6755.0
91600;7114.0;359.0;6755.0
91700;7266.0;511.0;6755.0
91800;7294.5;539.5;6755.0
91900;7813.5;577.5;7236.0
92000;7692.0;530.0;7162.0
92100;7397.0;568.0;6829.0
92200;7460.5;520.5;6940.0
92300;7340.0;511.0;6829.0
92400;7451.0;511.0;6940.0
92500;7340.0;511.0;6829.0
92600;7181.0;511.0;6670.0
92700;7301.0;511.0;6790.0
92800;7301.0;511.0;6790.0
92900;7421.0;511.0;6910.0
93000;7221.0;511.0;6710.0
93100;7261.0;511.0;6750.0
93200;7482.0;492.0;6990.0
93300;7261.0;511.0;6750.0
93400;6880.0;530.0;6350.0
93500;7362.0;492.0;6870.0
93600;7333.5;463.5;6870.0
93700;7753.0;492.0;7261.0
93800;7753.0;492.0;7261.0
93900;7535.0;644.0;6891.0
94000;7372.5;444.5;6928.0
94100;7587.0;511.0;7076.0
94200;7023.5;539.5;6484.0
94300;7466.5;501.5;6965.0
94400;7457.0;492.0;6965.0
94500;7485.5;520.5;6965.0
94600;7447.5;482.5;6965.0
94700;7305.0;340.0;6965.0
94800;7457.0;492.0;6965.0
94900;7457.0;492.0;6965.0
95000;7494.0;492.0;7002.0
95100;7502.5;463.5;7039.0
95200;7521.5;482.5;7039.0
95300;8367.0;625.0;7742.0
95400;7360.0;321.0;7039.0
95500;7531.0;492.0;7039.0
95600;7642.0;492.0;7150.0
95700;7661.0;511.0;7150.0
95800;7550.0;511.0;7039.0
95900;7566.0;416.0;7150.0
96000;7596.0;682.0;6914.0
96100;7667.0;473.0;7194.0
96200;7547.0;473.0;7074.0
96300;7667.0;473.0;7194.0
96400;7547.0;473.0;7074.0
96500;7509.0;435.0;7074.0
96600;7528.0;454.0;7074.0
96700;7699.0;625.0;7074.0
96800;7667.0;473.0;7194.0
96900;7528.0;454.0;7074.0
97000;7568.0;454.0;7114.0
97100;8166.0;492.0;7674.0
97200;7598.5;444.5;7154.0
97300;7627.0;473.0;7154.0
97400;7427.0;473.0;6954.0
97500;7627.0;473.0;7154.0
97600;7450.0;416.0;7034.0
97700;7937.0;663.0;7274.0
97800;7870.5;596.5;7274.0
97900;7608.0;454.0;7154.0
98000;7648.0;454.0;7194.0
98100;7587.0;473.0;7114.0
98200;7745.0;511.0;7234.0
98300;7841.0;487.0;7354.0
98400;7763.0;529.0;7234.0
98500;7751.0;517.0;7234.0
98600;7733.0;499.0;7234.0
98700;7721.0;487.0;7234.0
98800;7745.0;511.0;7234.0
98900;7853.0;499.0;7354.0
99000;7689.0;415.0;7274.0
99100;7939.0;505.0;7434.0
99200;7825.0;511.0;7314.0
99300;7837.0;523.0;7314.0
99400;7293.0;499.0;6794.0
99500;7837.0;523.0;7314.0
99600;7957.0;523.0;7434.0
99700;7837.0;523.0;7314.0
99800;7837.0;523.0;7314.0
99900;7837.0;523.0;7314.0
