timestamp,buyer,seller,product,currency,price,quantity
0,,,ASH_COATED_OSMIUM,XIRECS,9982.0,6
3600,,,ASH_COATED_OSMIUM,XIRECS,10001.0,3
4200,,,ASH_COATED_OSMIUM,XIRECS,10002.0,2
9100,,,ASH_COATED_OSMIUM,XIRECS,9994.0,4
9600,,,ASH_COATED_OSMIUM,XIRECS,9989.0,6
10000,,,ASH_COATED_OSMIUM,XIRECS,9988.0,8
12100,,,ASH_COATED_OSMIUM,XIRECS,9989.0,5
15100,,,ASH_COATED_OSMIUM,XIRECS,10011.0,2
15100,,,ASH_COATED_OSMIUM,XIRECS,10011.0,8
18500,,,ASH_COATED_OSMIUM,XIRECS,10010.0,6
23900,,,ASH_COATED_OSMIUM,XIRECS,9991.0,4
24300,,,ASH_COATED_OSMIUM,XIRECS,9992.0,4
24600,,,ASH_COATED_OSMIUM,XIRECS,9991.0,3
30400,,,ASH_COATED_OSMIUM,XIRECS,10010.0,2
32800,,,ASH_COATED_OSMIUM,XIRECS,9993.0,4
34000,,,ASH_COATED_OSMIUM,XIRECS,10010.0,7
34500,,,ASH_COATED_OSMIUM,XIRECS,9994.0,8
36500,,,ASH_COATED_OSMIUM,XIRECS,10013.0,3
37900,,,ASH_COATED_OSMIUM,XIRECS,9996.0,4
38400,,,ASH_COATED_OSMIUM,XIRECS,10012.0,3
39100,,,ASH_COATED_OSMIUM,XIRECS,10011.0,6
39900,,,ASH_COATED_OSMIUM,XIRECS,10013.0,7
41500,,,ASH_COATED_OSMIUM,XIRECS,10009.0,5
50900,,,ASH_COATED_OSMIUM,XIRECS,9990.0,5
54600,,,ASH_COATED_OSMIUM,XIRECS,9986.0,6
58400,,,ASH_COATED_OSMIUM,XIRECS,9990.0,3
59500,,,ASH_COATED_OSMIUM,XIRECS,10007.0,2
62000,,,ASH_COATED_OSMIUM,XIRECS,10008.0,6
63700,,,ASH_COATED_OSMIUM,XIRECS,9990.0,2
64900,,,ASH_COATED_OSMIUM,XIRECS,10005.0,4
65300,,,ASH_COATED_OSMIUM,XIRECS,9989.0,2
76300,,,ASH_COATED_OSMIUM,XIRECS,9994.0,6
76500,,,ASH_COATED_OSMIUM,XIRECS,10013.0,8
83700,,,ASH_COATED_OSMIUM,XIRECS,10009.0,2
85500,,,ASH_COATED_OSMIUM,XIRECS,9995.0,7
85700,,,ASH_COATED_OSMIUM,XIRECS,10011.0,3
85900,,,ASH_COATED_OSMIUM,XIRECS,9995.0,5
87900,,,ASH_COATED_OSMIUM,XIRECS,9993.0,5
88300,,,ASH_COATED_OSMIUM,XIRECS,10011.0,2
90200,,,ASH_COATED_OSMIUM,XIRECS,10011.0,10
90700,,,ASH_COATED_OSMIUM,XIRECS,10015.0,2
90800,,,ASH_COATED_OSMIUM,XIRECS,9994.0,6
95900,,,ASH_COATED_OSMIUM,XIRECS,10007.0,3
96900,,,ASH_COATED_OSMIUM,XIRECS,10007.0,6
96900,,,ASH_COATED_OSMIUM,XIRECS,10007.0,8
105900,,,ASH_COATED_OSMIUM,XIRECS,10011.0,5
107200,,,ASH_COATED_OSMIUM,XIRECS,9991.0,3
111600,,,ASH_COATED_OSMIUM,XIRECS,9992.0,5
114700,,,ASH_COATED_OSMIUM,XIRECS,9991.0,3
116100,,,ASH_COATED_OSMIUM,XIRECS,9989.0,8
122000,,,ASH_COATED_OSMIUM,XIRECS,10007.0,10
122300,,,ASH_COATED_OSMIUM,XIRECS,10007.0,5
124500,,,ASH_COATED_OSMIUM,XIRECS,9989.0,2
126400,,,ASH_COATED_OSMIUM,XIRECS,9988.0,6
126500,,,ASH_COATED_OSMIUM,XIRECS,9988.0,6
127800,,,ASH_COATED_OSMIUM,XIRECS,10003.0,2
130300,,,ASH_COATED_OSMIUM,XIRECS,10003.0,2
131400,,,ASH_COATED_OSMIUM,XIRECS,10003.0,2
137700,,,ASH_COATED_OSMIUM,XIRECS,10007.0,3
139400,,,ASH_COATED_OSMIUM,XIRECS,9989.0,6
139400,,,ASH_COATED_OSMIUM,XIRECS,9989.0,5
142000,,,ASH_COATED_OSMIUM,XIRECS,9992.0,2
142200,,,ASH_COATED_OSMIUM,XIRECS,9992.0,6
146700,,,ASH_COATED_OSMIUM,XIRECS,10009.0,6
149500,,,ASH_COATED_OSMIUM,XIRECS,10009.0,9
153200,,,ASH_COATED_OSMIUM,XIRECS,9994.0,5
154600,,,ASH_COATED_OSMIUM,XIRECS,9992.0,2
155300,,,ASH_COATED_OSMIUM,XIRECS,10009.0,10
155500,,,ASH_COATED_OSMIUM,XIRECS,10013.0,6
155700,,,ASH_COATED_OSMIUM,XIRECS,10010.0,7
155800,,,ASH_COATED_OSMIUM,XIRECS,9995.0,5
158200,,,ASH_COATED_OSMIUM,XIRECS,9994.0,5
165300,,,ASH_COATED_OSMIUM,XIRECS,9988.0,5
172700,,,ASH_COATED_OSMIUM,XIRECS,10008.0,4
173100,,,ASH_COATED_OSMIUM,XIRECS,10002.0,2
177700,,,ASH_COATED_OSMIUM,XIRECS,9989.0,10
181600,,,ASH_COATED_OSMIUM,XIRECS,9994.0,2
182700,,,ASH_COATED_OSMIUM,XIRECS,9993.0,5
184800,,,ASH_COATED_OSMIUM,XIRECS,9995.0,4
185900,,,ASH_COATED_OSMIUM,XIRECS,9996.0,10
186800,,,ASH_COATED_OSMIUM,XIRECS,9995.0,4
190400,,,ASH_COATED_OSMIUM,XIRECS,10011.0,3
192600,,,ASH_COATED_OSMIUM,XIRECS,9997.0,8
192900,,,ASH_COATED_OSMIUM,XIRECS,10016.0,10
197300,,,ASH_COATED_OSMIUM,XIRECS,9996.0,9
200100,,,ASH_COATED_OSMIUM,XIRECS,9994.0,6
200300,,,ASH_COATED_OSMIUM,XIRECS,9992.0,10
200400,,,ASH_COATED_OSMIUM,XIRECS,10011.0,2
200600,,,ASH_COATED_OSMIUM,XIRECS,10010.0,2
200700,,,ASH_COATED_OSMIUM,XIRECS,10010.0,8
201700,,,ASH_COATED_OSMIUM,XIRECS,9993.0,4
205600,,,ASH_COATED_OSMIUM,XIRECS,9992.0,2
206600,,,ASH_COATED_OSMIUM,XIRECS,9993.0,7
208900,,,ASH_COATED_OSMIUM,XIRECS,9994.0,10
210000,,,ASH_COATED_OSMIUM,XIRECS,9991.0,4
212700,,,ASH_COATED_OSMIUM,XIRECS,9994.0,6
224800,,,ASH_COATED_OSMIUM,XIRECS,10012.0,5
226200,,,ASH_COATED_OSMIUM,XIRECS,9997.0,6
227600,,,ASH_COATED_OSMIUM,XIRECS,9996.0,5
228000,,,ASH_COATED_OSMIUM,XIRECS,9995.0,5
229200,,,ASH_COATED_OSMIUM,XIRECS,10004.0,2
229600,,,ASH_COATED_OSMIUM,XIRECS,10011.0,5
235600,,,ASH_COATED_OSMIUM,XIRECS,9993.0,8
236100,,,ASH_COATED_OSMIUM,XIRECS,9992.0,4
236500,,,ASH_COATED_OSMIUM,XIRECS,9994.0,2
236600,,,ASH_COATED_OSMIUM,XIRECS,9993.0,4
237000,,,ASH_COATED_OSMIUM,XIRECS,10014.0,5
237100,,,ASH_COATED_OSMIUM,XIRECS,9996.0,3
241700,,,ASH_COATED_OSMIUM,XIRECS,9994.0,7
242800,,,ASH_COATED_OSMIUM,XIRECS,10009.0,5
243200,,,ASH_COATED_OSMIUM,XIRECS,10010.0,6
243700,,,ASH_COATED_OSMIUM,XIRECS,10010.0,6
246200,,,ASH_COATED_OSMIUM,XIRECS,9994.0,9
247600,,,ASH_COATED_OSMIUM,XIRECS,9995.0,6
251700,,,ASH_COATED_OSMIUM,XIRECS,9992.0,4
252300,,,ASH_COATED_OSMIUM,XIRECS,10008.0,5
252400,,,ASH_COATED_OSMIUM,XIRECS,10011.0,7
258300,,,ASH_COATED_OSMIUM,XIRECS,10013.0,9
258400,,,ASH_COATED_OSMIUM,XIRECS,10012.0,4
259400,,,ASH_COATED_OSMIUM,XIRECS,9998.0,8
260500,,,ASH_COATED_OSMIUM,XIRECS,10012.0,7
260600,,,ASH_COATED_OSMIUM,XIRECS,10012.0,2
261300,,,ASH_COATED_OSMIUM,XIRECS,9996.0,2
265000,,,ASH_COATED_OSMIUM,XIRECS,9992.0,8
267000,,,ASH_COATED_OSMIUM,XIRECS,9991.0,9
268800,,,ASH_COATED_OSMIUM,XIRECS,10006.0,6
269400,,,ASH_COATED_OSMIUM,XIRECS,9991.0,4
270400,,,ASH_COATED_OSMIUM,XIRECS,10008.0,2
271800,,,ASH_COATED_OSMIUM,XIRECS,10007.0,5
272800,,,ASH_COATED_OSMIUM,XIRECS,10005.0,6
280900,,,ASH_COATED_OSMIUM,XIRECS,9987.0,2
282500,,,ASH_COATED_OSMIUM,XIRECS,9988.0,4
282700,,,ASH_COATED_OSMIUM,XIRECS,10004.0,6
291400,,,ASH_COATED_OSMIUM,XIRECS,9989.0,3
297000,,,ASH_COATED_OSMIUM,XIRECS,10005.0,9
297300,,,ASH_COATED_OSMIUM,XIRECS,10005.0,3
299500,,,ASH_COATED_OSMIUM,XIRECS,9990.0,2
301600,,,ASH_COATED_OSMIUM,XIRECS,9992.0,9
306200,,,ASH_COATED_OSMIUM,XIRECS,9992.0,6
306500,,,ASH_COATED_OSMIUM,XIRECS,10009.0,5
307600,,,ASH_COATED_OSMIUM,XIRECS,9995.0,5
310000,,,ASH_COATED_OSMIUM,XIRECS,10011.0,9
310900,,,ASH_COATED_OSMIUM,XIRECS,10012.0,6
313100,,,ASH_COATED_OSMIUM,XIRECS,9996.0,2
313600,,,ASH_COATED_OSMIUM,XIRECS,10013.0,3
320900,,,ASH_COATED_OSMIUM,XIRECS,10014.0,6
323500,,,ASH_COATED_OSMIUM,XIRECS,9998.0,6
324600,,,ASH_COATED_OSMIUM,XIRECS,9997.0,2
325000,,,ASH_COATED_OSMIUM,XIRECS,10015.0,5
329000,,,ASH_COATED_OSMIUM,XIRECS,10000.0,9
329800,,,ASH_COATED_OSMIUM,XIRECS,10016.0,4
330600,,,ASH_COATED_OSMIUM,XIRECS,9998.0,2
331800,,,ASH_COATED_OSMIUM,XIRECS,10017.0,8
332800,,,ASH_COATED_OSMIUM,XIRECS,10016.0,5
335800,,,ASH_COATED_OSMIUM,XIRECS,10000.0,6
336000,,,ASH_COATED_OSMIUM,XIRECS,9997.0,6
336400,,,ASH_COATED_OSMIUM,XIRECS,10015.0,9
336800,,,ASH_COATED_OSMIUM,XIRECS,9999.0,4
337200,,,ASH_COATED_OSMIUM,XIRECS,10000.0,6
337300,,,ASH_COATED_OSMIUM,XIRECS,9999.0,7
340700,,,ASH_COATED_OSMIUM,XIRECS,10015.0,2
341200,,,ASH_COATED_OSMIUM,XIRECS,9998.0,2
342400,,,ASH_COATED_OSMIUM,XIRECS,9996.0,5
344200,,,ASH_COATED_OSMIUM,XIRECS,10001.0,4
345800,,,ASH_COATED_OSMIUM,XIRECS,9999.0,3
346200,,,ASH_COATED_OSMIUM,XIRECS,9999.0,4
349400,,,ASH_COATED_OSMIUM,XIRECS,10004.0,4
350400,,,ASH_COATED_OSMIUM,XIRECS,10013.0,5
351800,,,ASH_COATED_OSMIUM,XIRECS,10010.0,5
353000,,,ASH_COATED_OSMIUM,XIRECS,9991.0,5
356700,,,ASH_COATED_OSMIUM,XIRECS,10007.0,9
357500,,,ASH_COATED_OSMIUM,XIRECS,9991.0,3
358400,,,ASH_COATED_OSMIUM,XIRECS,10007.0,3
359300,,,ASH_COATED_OSMIUM,XIRECS,9992.0,4
361400,,,ASH_COATED_OSMIUM,XIRECS,9993.0,6
363200,,,ASH_COATED_OSMIUM,XIRECS,10011.0,2
365300,,,ASH_COATED_OSMIUM,XIRECS,9992.0,3
375300,,,ASH_COATED_OSMIUM,XIRECS,9993.0,4
375400,,,ASH_COATED_OSMIUM,XIRECS,10009.0,3
377400,,,ASH_COATED_OSMIUM,XIRECS,9992.0,4
380900,,,ASH_COATED_OSMIUM,XIRECS,9996.0,8
381000,,,ASH_COATED_OSMIUM,XIRECS,10012.0,2
383000,,,ASH_COATED_OSMIUM,XIRECS,10010.0,6
384000,,,ASH_COATED_OSMIUM,XIRECS,9990.0,4
389800,,,ASH_COATED_OSMIUM,XIRECS,10011.0,10
389900,,,ASH_COATED_OSMIUM,XIRECS,9996.0,7
390400,,,ASH_COATED_OSMIUM,XIRECS,9995.0,9
391100,,,ASH_COATED_OSMIUM,XIRECS,9995.0,4
392300,,,ASH_COATED_OSMIUM,XIRECS,10012.0,5
401700,,,ASH_COATED_OSMIUM,XIRECS,10014.0,9
402400,,,ASH_COATED_OSMIUM,XIRECS,9995.0,5
405200,,,ASH_COATED_OSMIUM,XIRECS,9996.0,2
407400,,,ASH_COATED_OSMIUM,XIRECS,10009.0,8
412600,,,ASH_COATED_OSMIUM,XIRECS,9993.0,4
414000,,,ASH_COATED_OSMIUM,XIRECS,10011.0,6
415800,,,ASH_COATED_OSMIUM,XIRECS,9992.0,6
416100,,,ASH_COATED_OSMIUM,XIRECS,9995.0,2
424700,,,ASH_COATED_OSMIUM,XIRECS,9994.0,6
425200,,,ASH_COATED_OSMIUM,XIRECS,10009.0,6
425800,,,ASH_COATED_OSMIUM,XIRECS,9993.0,7
