tier,name,url,source_type,has_code_explanations,best_for,strategy_family,reusable_vs_stale,warning
Tier 1,Official Prosperity Context.md,local,official,both,mechanics,platform,core reusable,override repos
Tier 1,chrispyroberts/imc-prosperity-4,https://github.com/chrispyroberts/imc-prosperity-4,tooling,both,Monte Carlo testing,backtesting,reusable,not official mechanics
Tier 1,nabayansaha/imc-prosperity-4-backtester,https://github.com/nabayansaha/imc-prosperity-4-backtester,tooling,both,replay tests,backtesting,reusable,reverse engineered
Tier 1,Linear Utility,https://github.com/ericcccsliu/imc-prosperity-2,team repo,both,execution pipeline,market making,reusable,params stale
Tier 1,Frankfurt Hedgehogs,https://github.com/TimoDiehm/imc-prosperity-3,team repo,both,architecture,multi-asset,reusable,logic stale
Tier 1,Theta Drip,https://github.com/YBansal95/imc-prosperity-3,team repo,both,fair estimation,market making,reusable,thresholds stale
Tier 2,Prosperity site,https://prosperity.imc.com,official,explanations,context,meta,reusable,high level only
Tier 2,Ctrl-Alt-DefeatTheMarket,https://github.com/MarkBrezina/Ctrl-Alt-DefeatTheMarket,hub,explanations,discovery,meta,reusable,verify sources
Tier 2,chrispyroberts P3,https://github.com/chrispyroberts/imc-prosperity-3,team repo,both,iteration,market making,reusable,params stale
Tier 2,Alpha Animals,https://github.com/CarterT27/imc-prosperity-3,team repo,both,basket arb,relative value,reusable,coefficients stale
Tier 2,Avellaneda-Stoikov paper,https://people.orie.cornell.edu/sfs33/LimitOrderBook.pdf,paper,explanations,inventory quoting,theory,reusable,needs adaptation
Tier 2,Micro-price paper,https://papers.ssrn.com/sol3/papers.cfm?abstract_id=2970694,paper,explanations,fair value,theory,reusable,not full strategy
Tier 2,HFT textbook,https://assets.cambridge.org/97811070/91146/frontmatter/9781107091146_frontmatter.pdf,book,explanations,concepts,theory,reusable,low direct use
Tier 3,Reddit thread,https://www.reddit.com/r/quantfinance/comments/1s2gyoe/imc_prosperity_4/,discussion,explanations,discovery,meta,reusable,low authority
Tier 3,Advanced microprice,https://arxiv.org/html/2411.13594v1,paper,explanations,advanced modelling,theory,reusable,overcomplex early
