day,timestamp,bid_price_1,bid_volume_1,ask_price_1,ask_volume_1,mid_price,simple_mid,microprice,wall_mid,mm_mid,spread,imb_l1,imbalance,ofi_5,micro_minus_mid,fair_dev_wall,z20,rolling_vol_20,fwd_ret_1,fwd_ret_5
-1,100,9984.0000,11.0000,10000.0000,11.0000,9992.0000,9992.0000,9992.0000,9993.5000,9992.0000,16.0000,0.0000,-0.5000,0.0000,0.0000,-1.5000,,,1.0000,1.5000
-1,200,9985.0000,15.0000,10001.0000,15.0000,9993.0000,9993.0000,9993.0000,9992.5000,9993.0000,16.0000,0.0000,0.0000,4.0000,0.0000,0.5000,,,0.0000,0.5000
-1,300,9985.0000,11.0000,10001.0000,11.0000,9993.0000,9993.0000,9993.0000,9992.5000,9993.0000,16.0000,0.0000,0.0000,4.0000,0.0000,0.5000,,,0.0000,0.0000
-1,400,9985.0000,12.0000,10001.0000,12.0000,9993.0000,9993.0000,9993.0000,9994.5000,9993.0000,16.0000,0.0000,-0.5102,4.0000,0.0000,-1.5000,,,0.0000,0.0000
-1,500,9985.0000,12.0000,10001.0000,12.0000,9993.0000,9993.0000,9993.0000,9993.5000,9993.0000,16.0000,0.0000,0.0000,4.0000,0.0000,-0.5000,,,0.5000,0.0000
-1,600,9983.0000,25.0000,10004.0000,25.0000,9993.5000,9993.5000,9993.5000,9993.5000,9993.5000,21.0000,0.0000,0.0000,-20.0000,0.0000,0.0000,,,0.0000,-1.5000
-1,700,9983.0000,23.0000,10004.0000,23.0000,9993.5000,9993.5000,9993.5000,9993.5000,9993.5000,21.0000,0.0000,0.0000,-24.0000,0.0000,0.0000,,,-0.5000,-1.5000
-1,800,9985.0000,15.0000,10001.0000,15.0000,9993.0000,9993.0000,9993.0000,9993.0000,9993.0000,16.0000,0.0000,0.0000,6.0000,0.0000,0.0000,,,0.0000,0.0000
-1,900,9985.0000,15.0000,10001.0000,15.0000,9993.0000,9993.0000,9993.0000,9992.5000,9993.0000,16.0000,0.0000,0.0000,6.0000,0.0000,0.5000,,,0.0000,0.0000
-1,1000,9985.0000,13.0000,10001.0000,13.0000,9993.0000,9993.0000,9993.0000,9993.5000,9993.0000,16.0000,0.0000,0.0000,6.0000,0.0000,-0.5000,,,-1.0000,0.0000
-1,1100,9983.0000,24.0000,10001.0000,12.0000,9992.0000,9992.0000,9995.0000,9992.0000,9992.0000,18.0000,0.3333,0.3333,18.0000,3.0000,0.0000,,,0.0000,2.5000
-1,1200,9983.0000,21.0000,10001.0000,11.0000,9992.0000,9992.0000,9994.8125,9992.0000,9992.0000,18.0000,0.3125,0.3125,16.0000,2.8125,0.0000,,,1.0000,1.0000
-1,1300,9985.0000,10.0000,10001.0000,10.0000,9993.0000,9993.0000,9993.0000,9993.5000,9993.0000,16.0000,0.0000,0.0000,-3.0000,0.0000,-0.5000,,,0.0000,1.0000
-1,1400,9985.0000,14.0000,10001.0000,14.0000,9993.0000,9993.0000,9993.0000,9993.5000,9993.0000,16.0000,0.0000,0.0000,-3.0000,0.0000,-0.5000,,,0.0000,-1.0000
-1,1500,9985.0000,10.0000,10001.0000,10.0000,9993.0000,9993.0000,9993.0000,9993.5000,9993.0000,16.0000,0.0000,0.0000,-3.0000,0.0000,-0.5000,,,1.5000,0.0000
-1,1600,9985.0000,13.0000,10004.0000,29.0000,9994.5000,9994.5000,9990.8810,9994.5000,9994.5000,19.0000,-0.3810,-0.3810,2.0000,-3.6190,0.0000,,,-1.5000,-2.5000
-1,1700,9985.0000,12.0000,10001.0000,12.0000,9993.0000,9993.0000,9993.0000,9993.5000,9993.0000,16.0000,0.0000,0.0000,15.0000,0.0000,-0.5000,,,1.0000,0.0000
-1,1800,9986.0000,15.0000,10002.0000,15.0000,9994.0000,9994.0000,9994.0000,9993.5000,9994.0000,16.0000,0.0000,0.0000,7.0000,0.0000,0.5000,,,-2.0000,-2.0000
-1,1900,9983.0000,28.0000,10001.0000,14.0000,9992.0000,9992.0000,9995.0000,9993.5000,9992.0000,18.0000,0.3333,-0.2000,6.0000,3.0000,-1.5000,,,1.0000,0.0000
-1,2000,9985.0000,10.0000,10001.0000,10.0000,9993.0000,9993.0000,9993.0000,9992.0000,9993.0000,16.0000,0.0000,0.5455,20.0000,0.0000,1.0000,0.0392,,-1.0000,-1.0000
-1,2100,9983.0000,25.0000,10001.0000,10.0000,9992.0000,9992.0000,9995.8571,9993.5000,9992.0000,18.0000,0.4286,-0.1667,17.0000,3.8571,-1.5000,-1.5279,0.8885,1.0000,-1.0000
-1,2300,9985.0000,11.0000,10001.0000,11.0000,9993.0000,9993.0000,9993.0000,9994.0000,9993.0000,16.0000,0.0000,-0.5769,16.0000,0.0000,-1.0000,0.0392,0.8885,-1.0000,1.5000
-1,2400,9984.0000,12.0000,10000.0000,12.0000,9992.0000,9992.0000,9992.0000,9992.5000,9992.0000,16.0000,0.0000,0.0000,14.0000,0.0000,-0.5000,-1.3719,0.9162,0.0000,1.0000
-1,2500,9984.0000,15.0000,10000.0000,15.0000,9992.0000,9992.0000,9992.0000,9992.5000,9992.0000,16.0000,0.0000,0.0000,15.0000,0.0000,-0.5000,-1.2415,0.9162,0.0000,2.0000
-1,2600,9984.0000,15.0000,10000.0000,15.0000,9992.0000,9992.0000,9992.0000,9991.0000,9992.0000,16.0000,0.0000,0.4340,1.0000,0.0000,1.0000,-1.1294,0.9162,-1.0000,4.5000
-1,2700,9982.0000,26.0000,10000.0000,14.0000,9991.0000,9991.0000,9993.7000,9992.5000,9991.0000,18.0000,0.3000,-0.2121,-3.0000,2.7000,-1.5000,-2.0793,0.9301,3.5000,2.0000
-1,2800,9985.0000,11.0000,10004.0000,25.0000,9994.5000,9994.5000,9990.8056,9994.5000,9994.5000,19.0000,-0.3889,-0.3889,-16.0000,-3.6944,0.0000,1.9533,1.2344,-1.5000,-1.5000
-1,2900,9985.0000,15.0000,10001.0000,15.0000,9993.0000,9993.0000,9993.0000,9993.5000,9993.0000,16.0000,0.0000,0.0000,2.0000,0.0000,-0.5000,0.2790,1.2773,1.0000,-1.0000
-1,3000,9986.0000,15.0000,10002.0000,15.0000,9994.0000,9994.0000,9994.0000,9993.5000,9994.0000,16.0000,0.0000,0.0000,2.0000,0.0000,0.5000,1.2800,1.2968,2.5000,3.5000
-1,3100,9991.0000,2.0000,10002.0000,12.0000,9996.5000,9996.5000,9992.5714,9992.5000,9992.5000,11.0000,-0.7143,0.3684,7.0000,-3.9286,4.0000,2.8176,1.4075,-3.5000,-3.5000
-1,3200,9985.0000,12.0000,10001.0000,12.0000,9993.0000,9993.0000,9993.0000,9994.5000,9993.0000,16.0000,0.0000,-0.4783,31.0000,0.0000,-1.5000,-0.0203,1.6133,0.0000,0.0000
-1,3300,9985.0000,13.0000,10001.0000,13.0000,9993.0000,9993.0000,9993.0000,9993.5000,9993.0000,16.0000,0.0000,0.0000,34.0000,0.0000,-0.5000,-0.0622,1.6133,-1.0000,4.5000
-1,3400,9983.0000,24.0000,10001.0000,10.0000,9992.0000,9992.0000,9995.7059,9993.5000,9992.0000,18.0000,0.4118,-0.1724,5.0000,3.7059,-1.5000,-0.8334,1.6133,5.5000,1.0000
-1,3500,9991.0000,4.0000,10004.0000,26.0000,9997.5000,9997.5000,9992.7333,9994.5000,9994.5000,13.0000,-0.7333,-0.1556,-1.0000,-4.7667,3.0000,2.6809,2.0357,-4.5000,-3.5000
-1,3600,9985.0000,10.0000,10001.0000,10.0000,9993.0000,9993.0000,9993.0000,9992.0000,9993.0000,16.0000,0.0000,0.5122,0.0000,0.0000,1.0000,-0.1577,2.2942,0.0000,0.0000
-1,3700,9985.0000,10.0000,10001.0000,10.0000,9993.0000,9993.0000,9993.0000,9993.0000,9993.0000,16.0000,0.0000,0.0000,-10.0000,0.0000,0.0000,-0.1123,2.2669,4.5000,-0.5000
-1,3800,9991.0000,2.0000,10004.0000,23.0000,9997.5000,9997.5000,9992.0400,9993.5000,9994.5000,13.0000,-0.8400,0.2203,-18.0000,-5.4600,4.0000,2.2374,2.4574,-4.5000,-5.0000
-1,3900,9985.0000,14.0000,10001.0000,14.0000,9993.0000,9993.0000,9993.0000,9993.5000,9993.0000,16.0000,0.0000,0.0000,4.0000,0.0000,-0.5000,-0.1914,2.6651,1.0000,1.0000
-1,4000,9986.0000,15.0000,10002.0000,15.0000,9994.0000,9994.0000,9994.0000,9993.5000,9994.0000,16.0000,0.0000,0.0000,11.0000,0.0000,0.5000,0.3046,2.6338,-1.0000,-1.5000
-1,4100,9985.0000,15.0000,10001.0000,15.0000,9993.0000,9993.0000,9993.0000,9993.0000,9993.0000,16.0000,0.0000,0.0000,5.0000,0.0000,0.0000,-0.2492,2.6358,-0.5000,0.0000
-1,4300,9983.0000,22.0000,10002.0000,10.0000,9992.5000,9992.5000,9996.0625,9993.5000,9992.5000,19.0000,0.3750,-0.1852,-25.0000,3.5625,-1.0000,-0.5453,2.6282,0.0000,0.5000
-1,4400,9983.0000,30.0000,10002.0000,13.0000,9992.5000,9992.5000,9996.2558,9993.5000,9992.5000,19.0000,0.3953,-0.1781,-12.0000,3.7558,-1.0000,-0.5282,2.6181,1.5000,2.5000
-1,4500,9986.0000,10.0000,10002.0000,10.0000,9994.0000,9994.0000,9994.0000,9994.5000,9994.0000,16.0000,0.0000,0.0000,-11.0000,0.0000,-0.5000,0.2544,2.6288,-1.5000,0.0000
-1,4600,9983.0000,29.0000,10002.0000,15.0000,9992.5000,9992.5000,9995.5227,9993.5000,9992.5000,19.0000,0.3182,-0.2055,-27.0000,3.0227,-1.0000,-0.6145,2.6531,0.5000,1.5000
-1,4700,9985.0000,15.0000,10001.0000,15.0000,9993.0000,9993.0000,9993.0000,9992.0000,9993.0000,16.0000,0.0000,0.5000,3.0000,0.0000,1.0000,-0.3643,2.6552,0.0000,2.0000
-1,4800,9985.0000,14.0000,10001.0000,14.0000,9993.0000,9993.0000,9993.0000,9994.5000,9993.0000,16.0000,0.0000,-0.4400,33.0000,0.0000,-1.5000,-0.4504,2.6438,2.0000,2.5000
-1,4900,9986.0000,15.0000,10004.0000,22.0000,9995.0000,9995.0000,9993.2973,9993.5000,9995.0000,18.0000,-0.1892,0.2542,29.0000,-1.7027,1.5000,0.7686,2.5623,-1.0000,1.0000
-1,5000,9986.0000,13.0000,10002.0000,13.0000,9994.0000,9994.0000,9994.0000,9993.5000,9994.0000,16.0000,0.0000,0.0000,27.0000,0.0000,0.5000,0.1237,2.5490,0.0000,1.0000
-1,5100,9986.0000,11.0000,10002.0000,11.0000,9994.0000,9994.0000,9994.0000,9993.5000,9994.0000,16.0000,0.0000,0.0000,42.0000,0.0000,0.5000,0.1237,2.5392,1.0000,0.5000
-1,5200,9986.0000,11.0000,10004.0000,26.0000,9995.0000,9995.0000,9991.3514,9993.5000,9995.0000,18.0000,-0.4054,0.1746,1.0000,-3.6486,1.5000,0.8403,2.4830,0.5000,1.0000
-1,5300,9986.0000,13.0000,10005.0000,20.0000,9995.5000,9995.5000,9993.4848,9994.5000,9995.5000,19.0000,-0.2121,0.2453,-23.0000,-2.0152,1.0000,1.0599,2.3501,0.5000,-1.5000
-1,5400,9987.0000,13.0000,10005.0000,21.0000,9996.0000,9996.0000,9993.8824,9994.5000,9996.0000,18.0000,-0.2353,0.2364,-12.0000,-2.1176,1.5000,1.2391,2.3514,-1.0000,-2.0000
-1,5500,9987.0000,12.0000,10003.0000,12.0000,9995.0000,9995.0000,9995.0000,9996.0000,9995.0000,16.0000,0.0000,-0.5294,-12.0000,0.0000,-1.0000,0.5460,2.3514,-0.5000,-1.0000
-1,5600,9984.0000,28.0000,10005.0000,28.0000,9994.5000,9994.5000,9994.5000,9994.5000,9994.5000,21.0000,0.0000,0.0000,-36.0000,0.0000,0.0000,0.3711,1.9875,1.5000,-5.5000
-1,5700,9987.0000,14.0000,10005.0000,27.0000,9996.0000,9996.0000,9993.1463,9994.5000,9996.0000,18.0000,-0.3171,0.2059,-10.0000,-2.8537,1.5000,1.3248,1.7328,-2.0000,-5.0000
-1,5800,9986.0000,14.0000,10002.0000,14.0000,9994.0000,9994.0000,9994.0000,9993.0000,9994.0000,16.0000,0.0000,0.5172,14.0000,0.0000,1.0000,-0.1459,1.7984,0.0000,0.0000
-1,5900,9986.0000,14.0000,10002.0000,14.0000,9994.0000,9994.0000,9994.0000,9994.5000,9994.0000,16.0000,0.0000,0.0000,2.0000,0.0000,-0.5000,-0.0221,1.4625,0.0000,3.0000
-1,6000,9986.0000,10.0000,10002.0000,10.0000,9994.0000,9994.0000,9994.0000,9993.0000,9994.0000,16.0000,0.0000,0.6000,-9.0000,0.0000,1.0000,-0.0680,1.0501,-5.0000,0.5000
-1,6100,9986.0000,14.0000,9992.0000,8.0000,9989.0000,9989.0000,9989.8182,9994.5000,9994.0000,6.0000,0.2727,-0.0952,27.0000,0.8182,-5.5000,-3.0472,1.5174,2.0000,6.0000
-1,6200,9986.0000,15.0000,9996.0000,4.0000,9991.0000,9991.0000,9993.8947,9994.5000,9994.0000,10.0000,0.5789,-0.0526,5.0000,2.8947,-3.5000,-1.6055,1.5861,3.0000,4.0000
-1,6300,9986.0000,12.0000,10002.0000,12.0000,9994.0000,9994.0000,9994.0000,9994.5000,9994.0000,16.0000,0.0000,0.0000,-2.0000,0.0000,-0.5000,0.1195,1.7265,3.0000,1.0000
-1,6400,9992.0000,4.0000,10002.0000,12.0000,9997.0000,9997.0000,9994.5000,9994.5000,9994.0000,10.0000,-0.5000,0.0526,2.0000,-2.5000,2.5000,1.6639,1.8459,-2.5000,-2.0000
-1,6500,9984.0000,26.0000,10005.0000,26.0000,9994.5000,9994.5000,9994.5000,9994.5000,9994.5000,21.0000,0.0000,0.0000,-14.0000,0.0000,0.0000,0.2512,1.9158,0.5000,-1.0000
-1,6600,9987.0000,14.0000,10003.0000,14.0000,9995.0000,9995.0000,9995.0000,9995.5000,9995.0000,16.0000,0.0000,0.0000,2.0000,0.0000,-0.5000,0.4676,1.8840,0.0000,-1.5000
-1,6700,9987.0000,10.0000,10003.0000,10.0000,9995.0000,9995.0000,9995.0000,9995.5000,9995.0000,16.0000,0.0000,0.0000,9.0000,0.0000,-0.5000,0.4141,1.8820,0.0000,1.0000
-1,6800,9987.0000,15.0000,10003.0000,15.0000,9995.0000,9995.0000,9995.0000,9994.5000,9995.0000,16.0000,0.0000,0.0000,16.0000,0.0000,0.5000,0.3610,1.8820,0.0000,0.0000
-1,6900,9987.0000,15.0000,10003.0000,15.0000,9995.0000,9995.0000,9995.0000,9994.5000,9995.0000,16.0000,0.0000,0.0000,12.0000,0.0000,0.5000,0.3610,1.8281,-1.5000,1.0000
-1,7000,9984.0000,27.0000,10003.0000,11.0000,9993.5000,9993.5000,9997.5000,9994.5000,9993.5000,19.0000,0.4211,-0.1692,17.0000,4.0000,-1.0000,-0.4884,1.8459,0.0000,0.5000
-1,7100,9984.0000,29.0000,10003.0000,13.0000,9993.5000,9993.5000,9997.1190,9994.5000,9993.5000,19.0000,0.3810,-0.1831,-11.0000,3.6190,-1.0000,-0.4716,1.8459,2.5000,1.5000
-1,7200,9987.0000,15.0000,10005.0000,27.0000,9996.0000,9996.0000,9993.4286,9994.5000,9996.0000,18.0000,-0.2857,0.2174,-9.0000,-2.5714,1.5000,0.9111,1.9187,-1.0000,0.0000
-1,7300,9987.0000,10.0000,10003.0000,10.0000,9995.0000,9995.0000,9995.0000,9995.5000,9995.0000,16.0000,0.0000,0.0000,-4.0000,0.0000,-0.5000,0.3672,1.9295,1.0000,0.0000
-1,7400,9988.0000,15.0000,10004.0000,15.0000,9996.0000,9996.0000,9996.0000,9997.0000,9996.0000,16.0000,0.0000,-0.4231,1.0000,0.0000,-1.0000,0.9320,1.9399,-2.0000,-1.5000
-1,7500,9985.0000,25.0000,10003.0000,14.0000,9994.0000,9994.0000,9996.5385,9994.0000,9994.0000,18.0000,0.2821,0.2821,11.0000,2.5385,0.0000,-0.1700,1.9795,1.0000,0.0000
-1,7600,9987.0000,13.0000,10003.0000,13.0000,9995.0000,9995.0000,9995.0000,9995.5000,9995.0000,16.0000,0.0000,0.0000,25.0000,0.0000,-0.5000,0.3810,1.9899,1.0000,-1.0000
-1,7700,9987.0000,14.0000,10005.0000,22.0000,9996.0000,9996.0000,9994.0000,9994.5000,9996.0000,18.0000,-0.2222,0.2414,11.0000,-2.0000,1.5000,0.9454,1.9735,-1.0000,3.0000
-1,7800,9987.0000,11.0000,10003.0000,11.0000,9995.0000,9995.0000,9995.0000,9995.5000,9995.0000,16.0000,0.0000,0.0000,14.0000,0.0000,-0.5000,0.3519,1.9324,-0.5000,0.0000
-1,7900,9984.0000,26.0000,10005.0000,26.0000,9994.5000,9994.5000,9994.5000,9994.5000,9994.5000,21.0000,0.0000,0.0000,-13.0000,0.0000,0.0000,0.0564,1.9363,-0.5000,0.5000
-1,8000,9986.0000,12.0000,10002.0000,12.0000,9994.0000,9994.0000,9994.0000,9995.5000,9994.0000,16.0000,0.0000,-0.5294,12.0000,0.0000,-1.5000,-0.2255,1.9399,0.0000,1.0000
-1,8100,9986.0000,11.0000,10002.0000,11.0000,9994.0000,9994.0000,9994.0000,9993.0000,9994.0000,16.0000,0.0000,0.5000,-2.0000,0.0000,1.0000,-0.5212,1.5432,5.0000,2.0000
-1,8200,9996.0000,7.0000,10002.0000,13.0000,9999.0000,9999.0000,9998.1000,9994.5000,9994.0000,6.0000,-0.3000,0.0886,15.0000,-0.9000,4.5000,3.0461,1.8396,-4.0000,-4.0000
-1,8300,9987.0000,13.0000,10003.0000,13.0000,9995.0000,9995.0000,9995.0000,9994.5000,9995.0000,16.0000,0.0000,0.0000,-13.0000,0.0000,0.5000,-0.0785,1.9795,0.0000,-0.5000
-1,8400,9987.0000,14.0000,10003.0000,14.0000,9995.0000,9995.0000,9995.0000,9994.5000,9995.0000,16.0000,0.0000,0.0000,9.0000,0.0000,0.5000,0.0000,1.8539,0.0000,0.0000
-1,8500,9987.0000,11.0000,10003.0000,11.0000,9995.0000,9995.0000,9995.0000,9995.5000,9995.0000,16.0000,0.0000,0.0000,-15.0000,0.0000,-0.5000,-0.0211,1.7657,1.0000,1.0000
-1,8600,9987.0000,12.0000,10005.0000,22.0000,9996.0000,9996.0000,9993.3529,9996.0000,9996.0000,18.0000,-0.2941,-0.2941,-25.0000,-2.6471,0.0000,0.7670,1.7763,-1.0000,0.0000
-1,8700,9987.0000,15.0000,10003.0000,15.0000,9995.0000,9995.0000,9995.0000,9994.5000,9995.0000,16.0000,0.0000,0.0000,-12.0000,0.0000,0.5000,-0.0622,1.7918,-0.5000,1.0000
-1,8800,9985.0000,25.0000,10004.0000,14.0000,9994.5000,9994.5000,9997.1795,9995.5000,9994.5000,19.0000,0.2821,-0.2188,-22.0000,2.6795,-1.0000,-0.4535,1.7953,0.5000,1.5000
-1,8900,9987.0000,12.0000,10003.0000,12.0000,9995.0000,9995.0000,9995.0000,9994.0000,9995.0000,16.0000,0.0000,0.5200,2.0000,0.0000,1.0000,-0.0412,1.7991,1.0000,-2.0000
-1,9000,9988.0000,11.0000,10004.0000,11.0000,9996.0000,9996.0000,9996.0000,9994.5000,9996.0000,16.0000,0.0000,0.5686,1.0000,0.0000,1.5000,0.7034,1.7761,0.0000,1.0000
-1,9100,9988.0000,13.0000,10004.0000,13.0000,9996.0000,9996.0000,9996.0000,9996.5000,9996.0000,16.0000,0.0000,0.0000,11.0000,0.0000,-0.5000,0.6268,1.7761,0.0000,1.0000
-1,9300,9988.0000,13.0000,10004.0000,13.0000,9996.0000,9996.0000,9996.0000,9995.5000,9996.0000,16.0000,0.0000,0.0000,-7.0000,0.0000,0.5000,0.6268,1.6859,0.0000,0.0000
-1,9400,9988.0000,14.0000,10004.0000,14.0000,9996.0000,9996.0000,9996.0000,9995.0000,9996.0000,16.0000,0.0000,0.4286,23.0000,0.0000,1.0000,0.5777,1.6694,-3.0000,1.0000
-1,9500,9988.0000,10.0000,9998.0000,4.0000,9993.0000,9993.0000,9995.1429,9997.5000,9996.0000,10.0000,0.4286,-0.6296,-1.0000,2.1429,-4.5000,-1.7900,1.7852,4.0000,4.5000
-1,9600,9989.0000,11.0000,10005.0000,11.0000,9997.0000,9997.0000,9997.0000,9996.5000,9997.0000,16.0000,0.0000,0.0000,7.0000,0.0000,0.5000,1.3120,1.9541,0.0000,-1.0000
-1,9700,9989.0000,14.0000,10005.0000,14.0000,9997.0000,9997.0000,9997.0000,9996.5000,9997.0000,16.0000,0.0000,0.0000,7.0000,0.0000,0.5000,1.1860,1.9440,-1.0000,-1.0000
-1,9800,9988.0000,14.0000,10004.0000,14.0000,9996.0000,9996.0000,9996.0000,9996.5000,9996.0000,16.0000,0.0000,0.0000,7.0000,0.0000,-0.5000,0.4209,1.9467,1.0000,0.0000
-1,9900,9989.0000,13.0000,10005.0000,13.0000,9997.0000,9997.0000,9997.0000,9996.5000,9997.0000,16.0000,0.0000,0.0000,6.0000,0.0000,0.5000,1.0768,1.9440,0.5000,-1.5000
-1,10000,9988.0000,14.0000,10007.0000,28.0000,9997.5000,9997.5000,9994.3333,9996.5000,9997.5000,19.0000,-0.3333,0.2000,-20.0000,-3.1667,1.0000,1.2951,1.9406,-1.5000,-1.5000
-1,10100,9988.0000,15.0000,10004.0000,15.0000,9996.0000,9996.0000,9996.0000,9995.0000,9996.0000,16.0000,0.0000,0.4444,-11.0000,0.0000,1.0000,0.1502,1.9708,0.0000,1.0000
-1,10200,9988.0000,13.0000,10004.0000,13.0000,9996.0000,9996.0000,9996.0000,9996.5000,9996.0000,16.0000,0.0000,0.0000,-11.0000,0.0000,-0.5000,0.0792,1.9708,0.0000,1.0000
-1,10300,9988.0000,13.0000,10004.0000,13.0000,9996.0000,9996.0000,9996.0000,9997.5000,9996.0000,16.0000,0.0000,-0.5094,-11.0000,0.0000,-1.5000,0.2422,1.5985,-0.5000,-1.0000
-1,10400,9986.0000,28.0000,10005.0000,14.0000,9995.5000,9995.5000,9998.6667,9996.5000,9995.5000,19.0000,0.3333,-0.2000,-36.0000,3.1667,-1.0000,-0.2698,1.3226,0.5000,-0.5000
-1,10500,9988.0000,15.0000,10004.0000,15.0000,9996.0000,9996.0000,9996.0000,9996.5000,9996.0000,16.0000,0.0000,0.0000,20.0000,0.0000,-0.5000,0.1744,1.3268,1.0000,0.0000
-1,10600,9989.0000,15.0000,10005.0000,15.0000,9997.0000,9997.0000,9997.0000,9997.5000,9997.0000,16.0000,0.0000,0.0000,4.0000,0.0000,-0.5000,1.0574,1.3436,0.0000,0.5000
-1,10700,9989.0000,10.0000,10005.0000,10.0000,9997.0000,9997.0000,9997.0000,9996.5000,9997.0000,16.0000,0.0000,0.0000,4.0000,0.0000,0.5000,0.9811,1.3268,-2.0000,0.0000
-1,10800,9986.0000,22.0000,10004.0000,15.0000,9995.0000,9995.0000,9996.7027,9996.5000,9995.0000,18.0000,0.1892,-0.2542,9.0000,1.7027,-1.5000,-0.9333,1.3860,0.0000,2.0000
-1,10900,9986.0000,27.0000,10004.0000,15.0000,9995.0000,9995.0000,9997.5714,9996.5000,9995.0000,18.0000,0.2857,-0.2174,40.0000,2.5714,-1.5000,-0.9871,1.3810,1.0000,3.0000
-1,11000,9988.0000,10.0000,10004.0000,10.0000,9996.0000,9996.0000,9996.0000,9997.5000,9996.0000,16.0000,0.0000,-0.5455,25.0000,0.0000,-1.5000,-0.0507,1.3945,1.5000,1.0000
-1,11100,9988.0000,10.0000,10007.0000,21.0000,9997.5000,9997.5000,9994.1290,9996.5000,9997.5000,19.0000,-0.3548,0.1923,15.0000,-3.3710,1.0000,1.3258,1.4168,-0.5000,0.5000
-1,11200,9989.0000,11.0000,10005.0000,11.0000,9997.0000,9997.0000,9997.0000,9998.0000,9997.0000,16.0000,0.0000,-0.4884,37.0000,0.0000,-1.0000,0.7822,1.4226,0.0000,0.0000
-1,11300,9989.0000,12.0000,10005.0000,12.0000,9997.0000,9997.0000,9997.0000,9996.5000,9997.0000,16.0000,0.0000,0.0000,32.0000,0.0000,0.5000,0.7246,1.4226,1.0000,5.0000
-1,11400,9989.0000,14.0000,10007.0000,25.0000,9998.0000,9998.0000,9995.4615,9998.0000,9998.0000,18.0000,-0.2821,-0.2821,17.0000,-2.5385,0.0000,1.4709,1.4382,-1.0000,-1.0000
-1,11500,9989.0000,11.0000,10005.0000,11.0000,9997.0000,9997.0000,9997.0000,9996.5000,9997.0000,16.0000,0.0000,0.0000,10.0000,0.0000,0.5000,0.5691,1.2711,1.0000,0.0000
-1,11600,9990.0000,11.0000,10006.0000,11.0000,9998.0000,9998.0000,9998.0000,9997.5000,9998.0000,16.0000,0.0000,0.0000,20.0000,0.0000,0.5000,1.5965,0.9305,-1.0000,-2.0000
-1,11700,9989.0000,12.0000,10005.0000,12.0000,9997.0000,9997.0000,9997.0000,9996.0000,9997.0000,16.0000,0.0000,0.4667,-1.0000,0.0000,1.0000,0.4761,0.9597,5.0000,2.5000
-1,11800,9999.0000,6.0000,10005.0000,15.0000,10002.0000,10002.0000,10000.7143,9997.5000,9997.0000,6.0000,-0.4286,0.0638,2.0000,-1.2857,4.5000,3.4292,1.4455,-5.0000,-6.0000
-1,11900,9989.0000,12.0000,10005.0000,12.0000,9997.0000,9997.0000,9997.0000,9998.0000,9997.0000,16.0000,0.0000,-0.5556,9.0000,0.0000,-1.0000,0.0836,1.8567,0.0000,0.0000
-1,12000,9989.0000,14.0000,10005.0000,14.0000,9997.0000,9997.0000,9997.0000,9996.0000,9997.0000,16.0000,0.0000,0.4167,1.0000,0.0000,1.0000,0.1008,1.8530,-1.0000,0.0000
-1,12100,9987.0000,25.0000,10005.0000,13.0000,9996.0000,9996.0000,9998.8421,9997.5000,9996.0000,18.0000,0.3158,-0.2063,-12.0000,2.8421,-1.5000,-0.5714,1.8353,3.5000,2.0000
-1,12300,9994.0000,5.0000,10005.0000,10.0000,9999.5000,9999.5000,9997.6667,9996.5000,9995.5000,11.0000,-0.3333,-0.0704,-5.0000,-1.8333,3.0000,1.5614,1.9952,-3.5000,-2.5000
-1,12400,9987.0000,26.0000,10005.0000,12.0000,9996.0000,9996.0000,9999.3158,9997.5000,9996.0000,18.0000,0.3684,-0.1875,-15.0000,3.3158,-1.5000,-0.6467,2.1582,1.0000,1.0000
-1,12600,9989.0000,14.0000,10005.0000,14.0000,9997.0000,9997.0000,9997.0000,9998.5000,9997.0000,16.0000,0.0000,-0.4400,0.0000,0.0000,-1.5000,-0.0648,2.1660,0.0000,-6.0000
-1,12800,9989.0000,12.0000,10005.0000,12.0000,9997.0000,9997.0000,9997.0000,9997.5000,9997.0000,16.0000,0.0000,0.0000,0.0000,0.0000,-0.5000,-0.0985,2.1637,1.0000,0.0000
-1,12900,9989.0000,15.0000,10007.0000,28.0000,9998.0000,9998.0000,9995.2791,9996.5000,9998.0000,18.0000,-0.3023,0.2113,4.0000,-2.7209,1.5000,0.5216,2.1637,-1.0000,0.5000
-1,13000,9989.0000,11.0000,10005.0000,11.0000,9997.0000,9997.0000,9997.0000,9997.0000,9997.0000,16.0000,0.0000,0.0000,3.0000,0.0000,0.0000,-0.1304,2.1764,0.0000,0.0000
-1,13100,9989.0000,13.0000,10005.0000,13.0000,9997.0000,9997.0000,9997.0000,9996.5000,9997.0000,16.0000,0.0000,0.0000,10.0000,0.0000,0.5000,-0.2075,2.1250,-6.0000,0.0000
-1,13200,9987.0000,22.0000,9995.0000,4.0000,9991.0000,9991.0000,9993.7692,9997.5000,9996.0000,8.0000,0.6923,-0.2667,-11.0000,2.7692,-6.5000,-3.1057,2.5257,6.0000,6.0000
-1,13300,9989.0000,13.0000,10005.0000,13.0000,9997.0000,9997.0000,9997.0000,9997.5000,9997.0000,16.0000,0.0000,0.0000,-2.0000,0.0000,-0.5000,-0.0770,2.8741,1.5000,0.0000
-1,13400,9989.0000,14.0000,10008.0000,30.0000,9998.5000,9998.5000,9995.0455,9997.5000,9998.5000,19.0000,-0.3636,0.1892,-5.0000,-3.4545,1.0000,0.6601,2.8741,-1.5000,-2.0000
-1,13500,9989.0000,11.0000,10005.0000,11.0000,9997.0000,9997.0000,9997.0000,9996.5000,9997.0000,16.0000,0.0000,0.0000,-4.0000,0.0000,0.5000,-0.1015,2.8928,0.0000,2.5000
-1,13600,9989.0000,10.0000,10005.0000,10.0000,9997.0000,9997.0000,9997.0000,9996.5000,9997.0000,16.0000,0.0000,0.0000,-4.0000,0.0000,0.5000,-0.1015,2.8928,0.0000,1.0000
-1,13700,9989.0000,15.0000,10005.0000,15.0000,9997.0000,9997.0000,9997.0000,9995.5000,9997.0000,16.0000,0.0000,0.4000,5.0000,0.0000,1.5000,-0.0765,2.8833,0.0000,1.0000
-1,13800,9989.0000,15.0000,10005.0000,15.0000,9997.0000,9997.0000,9997.0000,9997.5000,9997.0000,16.0000,0.0000,0.0000,-4.0000,0.0000,-0.5000,-0.0765,2.8746,-0.5000,1.0000
-1,13900,9987.0000,20.0000,10006.0000,15.0000,9996.5000,9996.5000,9997.8571,9997.5000,9996.5000,19.0000,0.1429,-0.2727,-22.0000,1.3571,-1.0000,-0.2941,2.8667,3.0000,2.0000
-1,14000,9990.0000,15.0000,10009.0000,27.0000,9999.5000,9999.5000,9996.7857,9998.5000,9999.5000,19.0000,-0.2857,0.2174,-30.0000,-2.7143,1.0000,1.1337,2.9374,-1.5000,1.0000
-1,14100,9990.0000,15.0000,10006.0000,15.0000,9998.0000,9998.0000,9998.0000,9998.5000,9998.0000,16.0000,0.0000,0.0000,-15.0000,0.0000,-0.5000,0.5878,2.7213,0.0000,1.0000
-1,14200,9990.0000,14.0000,10006.0000,14.0000,9998.0000,9998.0000,9998.0000,9997.5000,9998.0000,16.0000,0.0000,0.0000,-15.0000,0.0000,0.5000,0.5536,2.4757,0.0000,-2.0000
-1,14300,9990.0000,15.0000,10006.0000,15.0000,9998.0000,9998.0000,9998.0000,9998.5000,9998.0000,16.0000,0.0000,0.0000,-15.0000,0.0000,-0.5000,0.5205,2.4757,0.5000,2.0000
-1,14400,9988.0000,29.0000,10009.0000,29.0000,9998.5000,9998.5000,9998.5000,9998.5000,9998.5000,21.0000,0.0000,0.0000,-15.0000,0.0000,0.0000,0.7346,2.4649,2.0000,-0.5000
-1,14500,9991.0000,13.0000,10010.0000,24.0000,10000.5000,10000.5000,9997.6757,9999.5000,10000.5000,19.0000,-0.2973,0.2131,-31.0000,-2.8243,1.0000,1.7748,2.3781,-1.5000,0.5000
-1,14600,9991.0000,11.0000,10007.0000,11.0000,9999.0000,9999.0000,9999.0000,9998.0000,9999.0000,16.0000,0.0000,0.5417,-37.0000,0.0000,1.0000,0.8606,2.2601,-3.0000,1.0000
-1,14700,9991.0000,12.0000,10001.0000,2.0000,9996.0000,9996.0000,9999.5714,9995.0000,9995.0000,10.0000,0.7143,0.9091,-34.0000,3.5714,1.0000,-0.7409,2.3558,4.0000,4.0000
-1,14800,9992.0000,11.0000,10008.0000,11.0000,10000.0000,10000.0000,10000.0000,9999.5000,10000.0000,16.0000,0.0000,0.0000,-25.0000,0.0000,0.5000,1.2737,2.5241,-2.0000,1.0000
-1,14900,9989.0000,26.0000,10007.0000,12.0000,9998.0000,9998.0000,10001.3158,9999.5000,9998.0000,18.0000,0.3684,-0.1875,6.0000,3.3158,-1.5000,0.2445,2.5598,3.0000,2.0000
-1,15000,9992.0000,14.0000,10010.0000,25.0000,10001.0000,10001.0000,9998.4615,9999.5000,10001.0000,18.0000,-0.2821,0.2188,24.0000,-2.5385,1.5000,1.5694,2.6328,-1.0000,0.5000
-1,15100,9992.0000,10.0000,10008.0000,10.0000,10000.0000,10000.0000,10000.0000,10000.5000,10000.0000,16.0000,0.0000,0.0000,21.0000,0.0000,-0.5000,0.9934,2.6462,0.0000,1.0000
-1,15200,9992.0000,11.0000,10008.0000,11.0000,10000.0000,10000.0000,10000.0000,10000.5000,10000.0000,16.0000,0.0000,0.0000,18.0000,0.0000,-0.5000,1.1524,2.2178,1.0000,-1.0000
-1,15400,9993.0000,15.0000,10009.0000,15.0000,10001.0000,10001.0000,10001.0000,10000.5000,10001.0000,16.0000,0.0000,0.0000,13.0000,0.0000,0.5000,1.6129,1.8020,-1.0000,0.0000
-1,15500,9992.0000,11.0000,10008.0000,11.0000,10000.0000,10000.0000,10000.0000,10000.5000,10000.0000,16.0000,0.0000,0.0000,8.0000,0.0000,-0.5000,0.8920,1.7938,1.5000,1.0000
-1,15600,9992.0000,12.0000,10011.0000,24.0000,10001.5000,10001.5000,9998.3333,10000.5000,10001.5000,19.0000,-0.3333,0.2000,-4.0000,-3.1667,1.0000,1.6226,1.7806,-0.5000,-2.5000
-1,15700,9993.0000,10.0000,10009.0000,10.0000,10001.0000,10001.0000,10001.0000,10000.5000,10001.0000,16.0000,0.0000,0.0000,10.0000,0.0000,0.5000,1.1911,1.7874,-2.0000,-1.0000
-1,15800,9990.0000,20.0000,10008.0000,12.0000,9999.0000,9999.0000,10001.2500,10000.5000,9999.0000,18.0000,0.2500,-0.2308,12.0000,2.2500,-1.5000,-0.0787,1.8539,2.0000,1.0000
-1,15900,9993.0000,10.0000,10009.0000,10.0000,10001.0000,10001.0000,10001.0000,10000.5000,10001.0000,16.0000,0.0000,0.0000,6.0000,0.0000,0.5000,1.0749,1.9015,0.0000,-1.0000
-1,16100,9992.0000,11.0000,10010.0000,21.0000,10001.0000,10001.0000,9998.1875,9999.5000,10001.0000,18.0000,-0.3125,0.2075,-10.0000,-2.8125,1.5000,1.0000,1.8951,-2.0000,-1.0000
-1,16200,9990.0000,24.0000,10008.0000,14.0000,9999.0000,9999.0000,10001.3684,10000.5000,9999.0000,18.0000,0.2632,-0.2258,3.0000,2.3684,-1.5000,-0.3608,1.8387,1.0000,2.0000
-1,16300,9992.0000,11.0000,10008.0000,11.0000,10000.0000,10000.0000,10000.0000,10001.0000,10000.0000,16.0000,0.0000,-0.5000,-3.0000,0.0000,-1.0000,0.2654,1.8180,0.0000,2.5000
-1,16400,9992.0000,13.0000,10008.0000,13.0000,10000.0000,10000.0000,10000.0000,9999.0000,10000.0000,16.0000,0.0000,0.5357,-5.0000,0.0000,1.0000,0.2019,1.8180,0.0000,3.0000
-1,16500,9992.0000,12.0000,10008.0000,12.0000,10000.0000,10000.0000,10000.0000,10000.5000,10000.0000,16.0000,0.0000,0.0000,-3.0000,0.0000,-0.5000,0.1346,1.8180,0.0000,2.0000
-1,16600,9992.0000,15.0000,10008.0000,15.0000,10000.0000,10000.0000,10000.0000,10000.5000,10000.0000,16.0000,0.0000,0.0000,17.0000,0.0000,-0.5000,0.0792,1.8157,1.0000,1.0000
-1,16700,9993.0000,15.0000,10009.0000,15.0000,10001.0000,10001.0000,10001.0000,10001.0000,10001.0000,16.0000,0.0000,0.0000,14.0000,0.0000,0.0000,0.8397,1.7732,1.5000,1.0000
-1,16800,9993.0000,13.0000,10012.0000,26.0000,10002.5000,10002.5000,9999.3333,10002.5000,10002.5000,19.0000,-0.3333,-0.3333,-17.0000,-3.1667,0.0000,1.7363,1.7642,0.5000,-0.5000
-1,16900,9994.0000,12.0000,10012.0000,25.0000,10003.0000,10003.0000,9999.8378,10001.5000,10003.0000,18.0000,-0.3514,0.1935,-4.0000,-3.1622,1.5000,2.2033,1.5985,-1.0000,-1.0000
-1,17000,9994.0000,14.0000,10010.0000,14.0000,10002.0000,10002.0000,10002.0000,10000.5000,10002.0000,16.0000,0.0000,0.5088,12.0000,0.0000,1.5000,1.2064,1.3727,-1.0000,1.5000
-1,17100,9993.0000,14.0000,10009.0000,14.0000,10001.0000,10001.0000,10001.0000,10002.5000,10001.0000,16.0000,0.0000,-0.4286,12.0000,0.0000,-1.5000,0.2874,1.3089,1.0000,1.0000
-1,17200,9994.0000,10.0000,10010.0000,10.0000,10002.0000,10002.0000,10002.0000,10001.5000,10002.0000,16.0000,0.0000,0.0000,8.0000,0.0000,0.5000,1.1551,1.1459,0.0000,-3.5000
-1,17300,9994.0000,12.0000,10010.0000,12.0000,10002.0000,10002.0000,10002.0000,10002.5000,10002.0000,16.0000,0.0000,0.0000,25.0000,0.0000,-0.5000,1.0441,1.1192,0.0000,1.0000
-1,17400,9994.0000,13.0000,10010.0000,13.0000,10002.0000,10002.0000,10002.0000,10002.5000,10002.0000,16.0000,0.0000,0.0000,12.0000,0.0000,-0.5000,0.9451,1.1192,1.5000,-1.5000
-1,17500,9994.0000,11.0000,10013.0000,26.0000,10003.5000,10003.5000,9999.6486,10003.5000,10003.5000,19.0000,-0.4054,-0.4054,-19.0000,-3.8514,0.0000,1.9416,1.1456,-1.5000,-1.5000
-1,17600,9994.0000,10.0000,10010.0000,10.0000,10002.0000,10002.0000,10002.0000,10001.5000,10002.0000,16.0000,0.0000,0.0000,-10.0000,0.0000,0.5000,0.6662,1.1765,-3.5000,-1.0000
-1,17800,9994.0000,13.0000,10003.0000,4.0000,9998.5000,9998.5000,10000.8824,10001.5000,10002.0000,9.0000,0.5294,-0.0513,1.0000,2.3824,-3.0000,-1.8411,1.3774,4.5000,2.5000
-1,17900,9994.0000,13.0000,10012.0000,23.0000,10003.0000,10003.0000,10000.5000,10001.5000,10003.0000,18.0000,-0.2778,0.2203,-3.0000,-2.5000,1.5000,1.3014,1.7214,-2.5000,-1.0000
-1,18000,9991.0000,25.0000,10010.0000,14.0000,10000.5000,10000.5000,10003.1795,10001.5000,10000.5000,19.0000,0.2821,-0.2188,-2.0000,2.6795,-1.0000,-0.5143,1.7568,1.5000,1.5000
-1,18100,9994.0000,10.0000,10010.0000,10.0000,10002.0000,10002.0000,10002.0000,10001.5000,10002.0000,16.0000,0.0000,0.0000,27.0000,0.0000,0.5000,0.5468,1.7313,-1.0000,-1.0000
-1,18200,9993.0000,15.0000,10009.0000,15.0000,10001.0000,10001.0000,10001.0000,10000.0000,10001.0000,16.0000,0.0000,0.4545,23.0000,0.0000,1.0000,-0.1823,1.7472,0.0000,-6.0000
-1,18300,9993.0000,15.0000,10009.0000,15.0000,10001.0000,10001.0000,10001.0000,10001.5000,10001.0000,16.0000,0.0000,0.0000,16.0000,0.0000,-0.5000,-0.2760,1.6827,1.0000,-1.0000
-1,18400,9994.0000,12.0000,10010.0000,12.0000,10002.0000,10002.0000,10002.0000,10001.5000,10002.0000,16.0000,0.0000,0.0000,17.0000,0.0000,0.5000,0.4456,1.6827,0.0000,-2.0000
-1,18500,9994.0000,10.0000,10010.0000,10.0000,10002.0000,10002.0000,10002.0000,10001.5000,10002.0000,16.0000,0.0000,0.0000,16.0000,0.0000,0.5000,0.3778,1.6827,-1.0000,-2.0000
-1,18600,9993.0000,12.0000,10009.0000,12.0000,10001.0000,10001.0000,10001.0000,10000.5000,10001.0000,16.0000,0.0000,0.0000,4.0000,0.0000,0.5000,-0.5252,1.7006,-6.0000,-2.0000
-1,18700,9992.0000,13.0000,9998.0000,4.0000,9995.0000,9995.0000,9996.5882,10000.5000,10000.0000,6.0000,0.5294,-0.0541,-9.0000,1.5882,-5.5000,-3.4451,2.1734,5.0000,4.5000
-1,18800,9992.0000,13.0000,10008.0000,13.0000,10000.0000,10000.0000,10000.0000,10000.5000,10000.0000,16.0000,0.0000,0.0000,-13.0000,0.0000,-0.5000,-0.6965,2.4597,0.0000,5.0000
-1,18900,9992.0000,14.0000,10008.0000,14.0000,10000.0000,10000.0000,10000.0000,10001.5000,10000.0000,16.0000,0.0000,-0.4400,-10.0000,0.0000,-1.5000,-0.6298,2.4326,0.0000,1.0000
-1,19000,9992.0000,10.0000,10008.0000,10.0000,10000.0000,10000.0000,10000.0000,10000.5000,10000.0000,16.0000,0.0000,0.0000,-10.0000,0.0000,-0.5000,-0.5596,2.4284,-1.0000,1.5000
-1,19100,9990.0000,26.0000,10008.0000,14.0000,9999.0000,9999.0000,10001.7000,9999.0000,9999.0000,18.0000,0.3000,0.3000,-26.0000,2.7000,0.0000,-1.0027,2.4284,0.5000,0.0000
-1,19200,9990.0000,20.0000,10009.0000,15.0000,9999.5000,9999.5000,10000.8571,10000.5000,9999.5000,19.0000,0.1429,-0.2727,-38.0000,1.3571,-1.0000,-0.6862,2.4240,5.5000,4.0000
-1,19300,10002.0000,9.0000,10008.0000,10.0000,10005.0000,10005.0000,10004.8421,10000.5000,10000.0000,6.0000,-0.0526,0.1268,-15.0000,-0.1579,4.5000,1.9267,2.7198,-4.0000,-2.5000
-1,19400,9993.0000,11.0000,10009.0000,11.0000,10001.0000,10001.0000,10001.0000,10002.0000,10001.0000,16.0000,0.0000,-0.5417,-34.0000,0.0000,-1.0000,0.0479,2.8741,0.5000,-1.5000
-1,19600,9992.0000,12.0000,10011.0000,27.0000,10001.5000,10001.5000,9997.8462,10000.5000,10001.5000,19.0000,-0.3846,0.1818,-56.0000,-3.6538,1.0000,0.3010,2.8767,-2.5000,-0.5000
-1,19700,9990.0000,30.0000,10008.0000,12.0000,9999.0000,9999.0000,10002.8571,10000.5000,9999.0000,18.0000,0.4286,-0.1667,-42.0000,3.8571,-1.5000,-0.8167,2.9041,4.5000,2.0000
-1,19800,9998.0000,4.0000,10009.0000,10.0000,10003.5000,10003.5000,10001.1429,10002.0000,10001.0000,11.0000,-0.4286,-0.4717,-30.0000,-2.3571,1.5000,1.3218,3.0706,-1.0000,-3.5000
-1,19900,9993.0000,10.0000,10012.0000,30.0000,10002.5000,10002.5000,9997.7500,10001.5000,10002.5000,19.0000,-0.5000,0.1429,-63.0000,-4.7500,1.0000,0.7622,2.9665,-3.0000,-1.0000
-1,20000,9990.0000,27.0000,10009.0000,14.0000,9999.5000,9999.5000,10002.5122,9999.5000,9999.5000,19.0000,0.3171,0.3171,-40.0000,3.0122,0.0000,-0.6159,2.8667,1.5000,0.5000
-1,20100,9993.0000,14.0000,10009.0000,14.0000,10001.0000,10001.0000,10001.0000,10002.0000,10001.0000,16.0000,0.0000,-0.5172,-4.0000,0.0000,-1.0000,0.1109,2.8353,0.0000,0.0000
-1,20200,9993.0000,14.0000,10009.0000,14.0000,10001.0000,10001.0000,10001.0000,10000.5000,10001.0000,16.0000,0.0000,0.0000,-4.0000,0.0000,0.5000,0.1368,2.8140,-1.0000,-1.0000
-1,20300,9992.0000,12.0000,10008.0000,12.0000,10000.0000,10000.0000,10000.0000,9999.0000,10000.0000,16.0000,0.0000,0.5294,2.0000,0.0000,1.0000,-0.3350,2.8140,1.5000,0.0000
-1,20400,9992.0000,10.0000,10011.0000,28.0000,10001.5000,10001.5000,9997.0000,10000.5000,10001.5000,19.0000,-0.4737,0.1515,2.0000,-4.5000,1.0000,0.3956,2.8353,-1.5000,-1.5000
-1,20500,9992.0000,12.0000,10008.0000,12.0000,10000.0000,10000.0000,10000.0000,9999.0000,10000.0000,16.0000,0.0000,0.5556,12.0000,0.0000,1.0000,-0.2994,2.8451,1.0000,0.0000
-1,20600,9993.0000,10.0000,10009.0000,10.0000,10001.0000,10001.0000,10001.0000,10001.0000,10001.0000,16.0000,0.0000,0.0000,-4.0000,0.0000,0.0000,0.2273,2.8557,-1.0000,-1.0000
-1,20700,9992.0000,14.0000,10008.0000,14.0000,10000.0000,10000.0000,10000.0000,10000.5000,10000.0000,16.0000,0.0000,0.0000,0.0000,0.0000,-0.5000,-0.2525,2.8557,0.0000,0.0000
-1,20800,9992.0000,10.0000,10008.0000,10.0000,10000.0000,10000.0000,10000.0000,10001.5000,10000.0000,16.0000,0.0000,-0.5238,2.0000,0.0000,-1.5000,-0.4971,2.4895,0.0000,-0.5000
-1,20900,9992.0000,10.0000,10008.0000,10.0000,10000.0000,10000.0000,10000.0000,10000.5000,10000.0000,16.0000,0.0000,0.0000,16.0000,0.0000,-0.5000,-0.4971,2.2243,0.0000,0.0000
-1,21000,9992.0000,11.0000,10008.0000,11.0000,10000.0000,10000.0000,10000.0000,10000.5000,10000.0000,16.0000,0.0000,0.0000,2.0000,0.0000,-0.5000,-0.4971,2.2243,0.0000,-1.0000
