count,recoverable_total,recoverable_max,actual_action,exact_best_family,spread,position_band,richness_bucket,pressure_bucket,shock_bucket,hosted_ref_class,hosted_count,hosted_qty,hosted_markout_h10_avg,hosted_veto,mode,recoverable_avg
1,144.0,144.0,take_sell,hold,9,short_60_plus,rich,sell_pressure,shock,take_b1,,,,False,queue05,144.0
2,101.0,59.0,take_sell,hold,9,short_60_plus,rich,sell_pressure,shock,take_b1,,,,False,default,50.5
2,98.0,56.0,take_sell,hold,9,short_60_plus,rich,sell_pressure,shock,take_b1,,,,False,worse,49.0
3,82.0,75.0,passive_two_sided,take1,11,long_60_plus,cheap,sell_pressure,steady,,,,,False,worse,27.333333333333332
10,82.0,16.0,passive_one_sided_buy,take1,10,flat_19,cheap,buy_pressure,shock,passive_inside_buy,,,,False,queue05,8.2
2,81.0,75.0,passive_two_sided,take1,11,long_60_plus,cheap,sell_pressure,steady,,,,,False,default,40.5
2,78.0,47.0,passive_one_sided_sell,take2,13,long_40_59,rich,sell_pressure,shock,passive_inside_sell,,,,False,default,39.0
2,78.0,47.0,passive_one_sided_sell,take2,13,long_40_59,rich,sell_pressure,shock,passive_inside_sell,,,,False,worse,39.0
10,78.0,14.0,passive_one_sided_buy,take1,10,flat_19,cheap,buy_pressure,shock,passive_inside_buy,,,,False,default,7.8
10,78.0,12.0,passive_one_sided_buy,take1,10,flat_19,cheap,buy_pressure,shock,passive_inside_buy,,,,False,worse,7.8
10,75.0,18.0,passive_one_sided_buy,take1,10,flat_19,cheap,buy_pressure,shock,passive_inside_buy,,,,False,none,7.5
2,74.0,43.0,passive_one_sided_sell,take2,13,long_40_59,rich,sell_pressure,shock,passive_inside_sell,,,,False,queue05,37.0
9,74.0,24.0,passive_one_sided_sell,take1,10,flat_19,rich,sell_pressure,shock,passive_inside_sell,,,,False,none,8.222222222222221
2,62.0,31.0,passive_one_sided_sell,take2,13,flat_19,rich,sell_pressure,shock,passive_inside_sell,,,,False,none,31.0
3,61.0,27.0,passive_one_sided_sell,take1,9,flat_19,rich,sell_pressure,shock,passive_inside_sell,,,,False,queue05,20.333333333333332
6,60.0,24.0,passive_one_sided_sell,take1,10,long_40_59,rich,sell_pressure,shock,passive_inside_sell,,,,False,default,10.0
6,60.0,24.0,passive_one_sided_sell,take1,10,long_40_59,rich,sell_pressure,shock,passive_inside_sell,,,,False,worse,10.0
2,57.0,32.0,passive_two_sided,take1,11,long_60_plus,cheap,sell_pressure,steady,,,,,False,queue05,28.5
2,51.0,36.0,passive_two_sided,take1,10,long_60_plus,cheap,sell_pressure,steady,,,,,False,default,25.5
3,51.0,32.0,passive_two_sided,take1,10,long_60_plus,cheap,sell_pressure,shock,,,,,False,queue05,17.0
2,47.0,27.0,passive_one_sided_sell,take1,9,flat_19,rich,sell_pressure,shock,passive_inside_sell,,,,False,default,23.5
2,47.0,27.0,passive_one_sided_sell,take1,9,flat_19,rich,sell_pressure,shock,passive_inside_sell,,,,False,worse,23.5
5,47.0,12.0,passive_one_sided_sell,take1,11,long_40_59,rich,sell_pressure,shock,passive_inside_sell,,,,False,queue05,9.4
5,45.0,16.0,passive_one_sided_buy,take1,10,short_40_59,cheap,buy_pressure,shock,passive_inside_buy,,,,False,none,9.0
6,45.0,12.0,passive_one_sided_sell,take1,10,long_20_39,rich,sell_pressure,shock,passive_inside_sell,,,,False,none,7.5
7,45.0,9.0,passive_one_sided_sell,take1,11,long_20_39,rich,sell_pressure,shock,passive_inside_sell,,,,False,none,6.428571428571429
1,44.0,44.0,take_sell,hold,9,short_40_59,rich,sell_pressure,shock,take_b1,,,,False,queue05,44.0
2,43.0,26.0,passive_two_sided,take1,10,long_60_plus,cheap,sell_pressure,shock,,,,,False,worse,21.5
6,43.0,15.0,passive_one_sided_buy,take1,9,flat_19,cheap,buy_pressure,shock,passive_inside_buy,,,,False,none,7.166666666666667
3,41.0,26.0,passive_two_sided,take1,10,long_60_plus,cheap,sell_pressure,shock,,,,,False,default,13.666666666666666
1,40.0,40.0,passive_two_sided,take1,11,long_60_plus,cheap,mixed_pressure,shock,,,,,False,default,40.0
1,40.0,40.0,passive_one_sided_sell,take1,9,short_20_39,rich,sell_pressure,shock,passive_inside_sell,,,,False,none,40.0
1,40.0,40.0,passive_one_sided_sell,take1,11,long_60_plus,cheap,mixed_pressure,shock,passive_inside_sell,,,,False,none,40.0
1,40.0,40.0,passive_two_sided,take1,11,long_60_plus,cheap,mixed_pressure,shock,,,,,False,worse,40.0
2,40.0,30.0,passive_one_sided_sell,take1,9,short_20_39,rich,sell_pressure,shock,passive_inside_sell,,,,False,default,20.0
2,40.0,30.0,passive_one_sided_sell,take1,9,short_20_39,rich,sell_pressure,shock,passive_inside_sell,,,,False,worse,20.0
6,40.0,16.0,passive_one_sided_sell,take1,11,flat_19,rich,sell_pressure,steady,passive_inside_sell,,,,False,default,6.666666666666667
6,40.0,16.0,passive_one_sided_sell,take1,11,flat_19,rich,sell_pressure,steady,passive_inside_sell,,,,False,worse,6.666666666666667
1,38.0,38.0,passive_two_sided,take1,9,short_60_plus,neutral,buy_pressure,shock,,,,,False,default,38.0
1,38.0,38.0,passive_two_sided,take1,9,short_60_plus,neutral,buy_pressure,shock,,,,,False,worse,38.0
4,38.0,24.0,passive_one_sided_sell,take1,10,long_20_39,rich,sell_pressure,shock,passive_inside_sell,,,,False,queue05,9.5
6,38.0,16.0,passive_one_sided_sell,take1,11,flat_19,rich,sell_pressure,steady,passive_inside_sell,,,,False,queue05,6.333333333333333
1,37.0,37.0,passive_one_sided_sell,take1,9,short_20_39,rich,sell_pressure,shock,passive_inside_sell,,,,False,queue05,37.0
1,36.0,36.0,passive_one_sided_sell,take2,11,long_40_59,rich,sell_pressure,shock,passive_inside_sell,,,,False,default,36.0
1,36.0,36.0,passive_one_sided_sell,take1,9,flat_19,rich,sell_pressure,shock,passive_inside_sell,,,,False,none,36.0
1,36.0,36.0,passive_one_sided_sell,take2,11,long_20_39,rich,sell_pressure,shock,passive_inside_sell,,,,False,queue05,36.0
1,36.0,36.0,passive_one_sided_sell,take2,11,long_40_59,rich,sell_pressure,shock,passive_inside_sell,,,,False,worse,36.0
2,36.0,21.0,passive_two_sided,take1,12,short_60_plus,neutral,buy_pressure,shock,,,,,False,default,18.0
2,36.0,21.0,passive_two_sided,take1,12,short_60_plus,neutral,buy_pressure,shock,,,,,False,worse,18.0
2,35.0,25.0,passive_one_sided_sell,take1,9,long_20_39,rich,sell_pressure,shock,passive_inside_sell,,,,False,none,17.5
2,35.0,25.0,passive_one_sided_buy,take1,10,flat_19,rich,mixed_pressure,shock,passive_inside_buy,,,,False,none,17.5
2,35.0,19.0,passive_two_sided,take1,10,short_60_plus,rich,buy_pressure,steady,,,,,False,worse,17.5
1,34.0,34.0,passive_two_sided,take1,9,short_60_plus,neutral,mixed_pressure,shock,,,,,False,default,34.0
1,34.0,34.0,passive_two_sided,take1,9,short_60_plus,neutral,mixed_pressure,shock,,,,,False,worse,34.0
3,34.0,18.0,passive_one_sided_sell,take1,11,long_60_plus,rich,sell_pressure,steady,passive_inside_sell,,,,False,queue05,11.333333333333334
2,33.0,17.0,passive_two_sided,take1,10,short_60_plus,rich,buy_pressure,steady,,,,,False,default,16.5
3,33.0,16.0,passive_one_sided_buy,take1,10,short_40_59,cheap,buy_pressure,shock,passive_inside_buy,,,,False,default,11.0
3,33.0,16.0,passive_one_sided_buy,take1,10,short_40_59,cheap,buy_pressure,shock,passive_inside_buy,,,,False,worse,11.0
6,33.0,12.0,passive_one_sided_buy,take1,9,flat_19,cheap,buy_pressure,shock,passive_inside_buy,,,,False,queue05,5.5
1,32.0,32.0,passive_two_sided,take1,11,long_60_plus,cheap,mixed_pressure,shock,,,,,False,queue05,32.0
6,32.0,11.0,passive_one_sided_sell,take1,13,long_40_59,rich,sell_pressure,shock,passive_inside_sell,,,,False,worse,5.333333333333333
2,31.5,29.0,passive_one_sided_sell,take1,10,long_60_plus,cheap,sell_pressure,shock,passive_inside_sell,,,,False,worse,15.75
1,31.0,31.0,passive_one_sided_sell,take1,11,long_60_plus,cheap,sell_pressure,steady,passive_inside_sell,,,,False,queue05,31.0
3,31.0,14.0,passive_one_sided_sell,take1,13,long_60_plus,rich,sell_pressure,shock,passive_inside_sell,,,,False,default,10.333333333333334
3,31.0,14.0,passive_one_sided_sell,take1,13,long_60_plus,rich,sell_pressure,shock,passive_inside_sell,,,,False,worse,10.333333333333334
5,31.0,12.0,passive_one_sided_buy,take1,9,flat_19,cheap,buy_pressure,shock,passive_inside_buy,,,,False,worse,6.2
6,31.0,10.0,passive_one_sided_sell,take1,13,long_40_59,rich,sell_pressure,shock,passive_inside_sell,,,,False,default,5.166666666666667
2,30.0,18.0,passive_one_sided_buy,take1,12,long_20_39,cheap,buy_pressure,shock,passive_inside_buy,,,,False,none,15.0
3,30.0,16.0,passive_one_sided_sell,take1,11,long_60_plus,rich,sell_pressure,steady,passive_inside_sell,,,,False,none,10.0
3,30.0,18.0,passive_one_sided_sell,take1,11,long_60_plus,rich,sell_pressure,shock,passive_inside_sell,,,,False,queue05,10.0
3,30.0,12.0,passive_one_sided_sell,take1,11,long_40_59,rich,sell_pressure,shock,passive_inside_sell,,,,False,worse,10.0
1,29.5,29.5,passive_one_sided_sell,take2,11,flat_19,rich,sell_pressure,shock,passive_inside_sell,,,,False,none,29.5
1,29.0,29.0,passive_one_sided_buy,take1,10,short_60_plus,rich,buy_pressure,shock,passive_inside_buy,,,,False,default,29.0
1,29.0,29.0,passive_one_sided_sell,take1,10,long_60_plus,cheap,sell_pressure,steady,passive_inside_sell,,,,False,default,29.0
1,29.0,29.0,passive_one_sided_buy,take1,10,short_60_plus,rich,buy_pressure,shock,passive_inside_buy,,,,False,worse,29.0
2,29.0,26.0,passive_one_sided_sell,take1,11,long_60_plus,rich,sell_pressure,steady,passive_inside_sell,,,,False,default,14.5
2,29.0,26.0,passive_one_sided_sell,take1,11,long_60_plus,rich,sell_pressure,steady,passive_inside_sell,,,,False,worse,14.5
3,29.0,12.0,passive_one_sided_sell,take1,11,long_40_59,rich,sell_pressure,shock,passive_inside_sell,,,,False,default,9.666666666666666
3,29.0,15.0,passive_one_sided_buy,take1,9,short_20_39,cheap,buy_pressure,shock,passive_inside_buy,,,,False,queue05,9.666666666666666
3,29.0,12.0,passive_one_sided_sell,take1,11,long_60_plus,rich,sell_pressure,shock,passive_inside_sell,,,,False,worse,9.666666666666666
6,29.0,14.0,passive_one_sided_sell,take1,13,long_20_39,rich,sell_pressure,shock,passive_inside_sell,,,,False,none,4.833333333333333
4,28.5,12.5,passive_one_sided_buy,take1,9,long_40_59,cheap,buy_pressure,shock,passive_inside_buy,,,,False,none,7.125
4,28.0,12.0,passive_one_sided_sell,take1,11,flat_19,rich,sell_pressure,steady,passive_inside_sell,,,,False,none,7.0
4,28.0,10.0,passive_one_sided_sell,take1,10,flat_19,rich,sell_pressure,steady,passive_inside_sell,,,,False,none,7.0
4,28.0,12.0,passive_one_sided_sell,take1,13,flat_19,rich,sell_pressure,shock,passive_inside_sell,,,,False,queue05,7.0
1,27.0,27.0,passive_one_sided_sell,take1,10,long_60_plus,cheap,sell_pressure,steady,passive_inside_sell,,,,False,worse,27.0
2,27.0,15.0,passive_one_sided_buy,take1,11,flat_19,rich,mixed_pressure,shock,passive_inside_buy,,,,False,queue05,13.5
3,27.0,12.0,passive_one_sided_sell,take1,11,long_60_plus,rich,sell_pressure,shock,passive_inside_sell,,,,False,default,9.0
3,27.0,16.0,passive_one_sided_buy,take1,10,short_40_59,cheap,buy_pressure,shock,passive_inside_buy,,,,False,queue05,9.0
4,27.0,15.0,passive_one_sided_sell,take1,10,flat_19,rich,sell_pressure,shock,passive_inside_sell,,,,False,queue05,6.75
3,26.0,10.0,passive_one_sided_sell,take1,10,long_40_59,rich,sell_pressure,shock,passive_inside_sell,,,,False,queue05,8.666666666666666
5,26.0,10.0,passive_one_sided_sell,take1,13,long_60_plus,rich,sell_pressure,shock,passive_inside_sell,,,,False,queue05,5.2
1,25.0,25.0,passive_one_sided_sell,take1,13,short_40_59,rich,sell_pressure,shock,passive_inside_sell,,,,False,none,25.0
5,25.0,10.0,passive_one_sided_buy,take1,9,flat_19,cheap,buy_pressure,shock,passive_inside_buy,,,,False,default,5.0
1,24.0,24.0,passive_two_sided,take1,9,long_60_plus,cheap,sell_pressure,shock,,,,,False,queue05,24.0
4,24.0,10.0,passive_two_sided,take1,11,long_60_plus,neutral,sell_pressure,steady,,,,,False,default,6.0
4,24.0,10.0,passive_two_sided,take1,11,long_60_plus,neutral,sell_pressure,steady,,,,,False,queue05,6.0
4,24.0,10.0,passive_two_sided,take1,11,long_60_plus,neutral,sell_pressure,steady,,,,,False,worse,6.0
5,24.0,12.0,passive_one_sided_sell,take1,13,flat_19,rich,sell_pressure,shock,passive_inside_sell,,,,False,default,4.8
5,24.0,12.0,passive_one_sided_sell,take1,13,flat_19,rich,sell_pressure,shock,passive_inside_sell,,,,False,worse,4.8
1,23.0,23.0,passive_one_sided_sell,take1,10,long_60_plus,cheap,sell_pressure,steady,passive_inside_sell,,,,False,none,23.0
1,22.0,22.0,passive_two_sided,take1,10,short_60_plus,neutral,buy_pressure,steady,,,,,False,default,22.0
1,22.0,22.0,passive_one_sided_sell,take1,11,long_60_plus,neutral,sell_pressure,shock,passive_inside_sell,,,,False,default,22.0
1,22.0,22.0,passive_one_sided_sell,take1,11,long_60_plus,neutral,sell_pressure,shock,passive_inside_sell,,,,False,worse,22.0
2,22.0,18.0,passive_one_sided_buy,take1,12,flat_19,cheap,buy_pressure,shock,passive_inside_buy,,,,False,default,11.0
2,22.0,18.0,passive_one_sided_buy,take1,12,flat_19,cheap,buy_pressure,shock,passive_inside_buy,,,,False,queue05,11.0
2,22.0,18.0,passive_one_sided_buy,take1,12,flat_19,cheap,buy_pressure,shock,passive_inside_buy,,,,False,worse,11.0
3,22.0,12.0,passive_one_sided_sell,take1,13,long_60_plus,rich,sell_pressure,shock,passive_inside_sell,,,,False,none,7.333333333333333
6,22.0,8.0,passive_one_sided_buy,take1,9,long_20_39,cheap,buy_pressure,shock,passive_inside_buy,,,,False,none,3.6666666666666665
2,21.5,19.0,passive_one_sided_sell,take1,10,long_60_plus,cheap,sell_pressure,shock,passive_inside_sell,,,,False,default,10.75
1,21.0,21.0,passive_one_sided_buy,take1,12,short_60_plus,neutral,buy_pressure,shock,passive_inside_buy,,,,False,default,21.0
1,21.0,21.0,passive_one_sided_buy,take1,12,short_60_plus,neutral,buy_pressure,shock,passive_inside_buy,,,,False,worse,21.0
2,20.0,16.0,passive_one_sided_buy,take1,12,short_40_59,cheap,buy_pressure,shock,passive_inside_buy,,,,False,default,10.0
2,20.0,10.0,passive_one_sided_buy,take1,11,flat_19,rich,mixed_pressure,shock,passive_inside_buy,,,,False,none,10.0
2,20.0,15.0,passive_one_sided_buy,take1,10,flat_19,rich,mixed_pressure,shock,passive_inside_buy,,,,False,queue05,10.0
3,20.0,10.0,passive_two_sided,take1,9,long_40_59,cheap,buy_pressure,shock,,,,,False,queue05,6.666666666666667
4,20.0,8.0,passive_one_sided_buy,take1,10,short_20_39,cheap,buy_pressure,steady,passive_inside_buy,,,,False,worse,5.0
1,19.0,19.0,passive_one_sided_sell,take1,13,long_60_plus,rich,sell_pressure,steady,passive_inside_sell,,,,False,default,19.0
1,19.0,19.0,passive_one_sided_buy,take1,12,long_60_plus,cheap,buy_pressure,shock,passive_inside_buy,,,,False,worse,19.0
1,19.0,19.0,passive_one_sided_sell,take1,13,long_60_plus,rich,sell_pressure,steady,passive_inside_sell,,,,False,worse,19.0
2,19.0,12.0,passive_two_sided,take1,9,long_60_plus,neutral,sell_pressure,shock,,,,,False,default,9.5
2,19.0,10.0,passive_two_sided,take1,9,long_40_59,cheap,buy_pressure,shock,,,,,False,none,9.5
2,19.0,15.0,passive_one_sided_buy,take1,9,short_20_39,cheap,buy_pressure,shock,passive_inside_buy,,,,False,worse,9.5
2,19.0,12.0,passive_two_sided,take1,9,long_60_plus,neutral,sell_pressure,shock,,,,,False,worse,9.5
3,19.0,15.0,passive_one_sided_sell,take1,10,flat_19,rich,sell_pressure,shock,passive_inside_sell,,,,False,default,6.333333333333333
3,19.0,14.0,take_buy,hold,10,flat_19,cheap,buy_pressure,shock,take_a1,,,,False,none,6.333333333333333
3,19.0,10.0,passive_one_sided_sell,take1,13,long_40_59,rich,sell_pressure,shock,passive_inside_sell,,,,False,queue05,6.333333333333333
3,19.0,15.0,passive_one_sided_sell,take1,10,flat_19,rich,sell_pressure,shock,passive_inside_sell,,,,False,worse,6.333333333333333
4,19.0,7.0,passive_one_sided_sell,take1,10,short_20_39,rich,sell_pressure,steady,passive_inside_sell,,,,False,queue05,4.75
2,18.0,12.0,passive_one_sided_buy,take1,10,long_20_39,cheap,buy_pressure,shock,passive_inside_buy,,,,False,none,9.0
3,18.0,12.0,passive_one_sided_buy,take1,9,short_40_59,cheap,buy_pressure,shock,passive_inside_buy,,,,False,none,6.0
3,18.0,7.0,passive_two_sided,take1,11,long_60_plus,neutral,sell_pressure,steady,,,,,False,none,6.0
4,18.0,8.0,passive_one_sided_buy,take1,10,short_20_39,cheap,buy_pressure,steady,passive_inside_buy,,,,False,default,4.5
4,18.0,6.0,passive_two_sided,take1,10,short_60_plus,rich,sell_pressure,shock,,,,,False,none,4.5
2,17.0,15.0,passive_two_sided,take1,10,short_60_plus,neutral,buy_pressure,steady,,,,,False,worse,8.5
1,16.0,16.0,passive_one_sided_sell,take1,10,short_40_59,cheap,buy_pressure,shock,passive_inside_sell,,,,False,default,16.0
1,16.0,16.0,passive_two_sided,take1,11,long_60_plus,cheap,sell_pressure,shock,,,,,False,default,16.0
1,16.0,16.0,passive_two_sided,take1,13,short_40_59,rich,sell_pressure,shock,,,,,False,none,16.0
1,16.0,16.0,passive_one_sided_sell,take1,9,long_60_plus,cheap,sell_pressure,shock,passive_inside_sell,,,,False,none,16.0
1,16.0,16.0,passive_one_sided_sell,take1,10,short_40_59,cheap,buy_pressure,shock,passive_inside_sell,,,,False,worse,16.0
1,16.0,16.0,passive_two_sided,take1,11,long_60_plus,cheap,sell_pressure,shock,,,,,False,worse,16.0
2,16.0,12.0,passive_one_sided_buy,take1,12,long_40_59,cheap,buy_pressure,shock,passive_inside_buy,,,,False,worse,8.0
3,16.0,10.0,passive_two_sided,take1,10,short_40_59,rich,sell_pressure,shock,,,,,False,queue05,5.333333333333333
4,16.0,7.0,passive_one_sided_buy,take1,10,short_20_39,cheap,buy_pressure,steady,passive_inside_buy,,,,False,none,4.0
1,15.0,15.0,passive_one_sided_buy,take1,12,long_60_plus,cheap,buy_pressure,shock,passive_inside_buy,,,,False,default,15.0
1,15.0,15.0,passive_one_sided_buy,take1,11,long_20_39,rich,mixed_pressure,shock,passive_inside_buy,,,,False,default,15.0
1,15.0,15.0,passive_two_sided,take1,10,long_20_39,neutral,sell_pressure,steady,,,,,False,default,15.0
1,15.0,15.0,passive_two_sided,take1,10,long_20_39,neutral,sell_pressure,steady,,,,,False,queue05,15.0
1,15.0,15.0,passive_one_sided_buy,take1,11,long_20_39,rich,mixed_pressure,shock,passive_inside_buy,,,,False,worse,15.0
1,15.0,15.0,passive_two_sided,take1,10,long_20_39,neutral,sell_pressure,steady,,,,,False,worse,15.0
2,15.0,12.0,take_sell,hold,11,short_20_39,rich,sell_pressure,shock,take_b1,,,,False,default,7.5
2,15.0,12.0,take_sell,hold,11,short_20_39,rich,sell_pressure,shock,take_b1,,,,False,worse,7.5
2,15.0,12.0,passive_two_sided,take1,13,long_60_plus,neutral,sell_pressure,shock,,,,,False,worse,7.5
3,15.0,6.0,passive_one_sided_buy,take1,12,short_40_59,cheap,buy_pressure,shock,passive_inside_buy,,,,False,none,5.0
3,15.0,10.0,passive_one_sided_buy,take1,10,long_40_59,cheap,buy_pressure,shock,passive_inside_buy,,,,False,none,5.0
3,15.0,10.0,passive_one_sided_sell,take1,10,short_40_59,rich,sell_pressure,shock,passive_inside_sell,,,,False,worse,5.0
1,14.0,14.0,passive_one_sided_sell,take1,11,long_60_plus,cheap,sell_pressure,steady,passive_inside_sell,,,,False,default,14.0
1,14.0,14.0,passive_one_sided_sell,take1,11,long_60_plus,cheap,sell_pressure,steady,passive_inside_sell,,,,False,worse,14.0
2,14.0,10.0,passive_one_sided_buy,take1,9,short_20_39,cheap,buy_pressure,shock,passive_inside_buy,,,,False,default,7.0
2,14.0,10.0,passive_one_sided_buy,take1,12,long_40_59,cheap,buy_pressure,shock,passive_inside_buy,,,,False,default,7.0
2,14.0,12.0,passive_one_sided_buy,take1,9,short_20_39,cheap,buy_pressure,shock,passive_inside_buy,,,,False,none,7.0
2,14.0,11.0,passive_one_sided_sell,take1,11,long_60_plus,rich,sell_pressure,shock,passive_inside_sell,,,,False,none,7.0
2,14.0,10.0,passive_one_sided_buy,take1,10,flat_19,rich,mixed_pressure,shock,passive_inside_buy,,,,False,worse,7.0
2,14.0,9.0,passive_two_sided,take1,10,long_60_plus,cheap,sell_pressure,steady,,,,,False,worse,7.0
3,14.0,6.0,passive_one_sided_sell,take1,11,flat_19,rich,sell_pressure,shock,passive_inside_sell,,,,False,none,4.666666666666667
2,13.5,10.5,passive_one_sided_sell,take1,10,long_40_59,neutral,sell_pressure,steady,passive_inside_sell,,,,False,default,6.75
2,13.5,10.5,passive_one_sided_sell,take1,10,long_40_59,neutral,sell_pressure,steady,passive_inside_sell,,,,False,worse,6.75
1,13.0,13.0,passive_one_sided_buy,take1,9,short_60_plus,rich,buy_pressure,shock,passive_inside_buy,,,,False,default,13.0
1,13.0,13.0,passive_one_sided_buy,take1,11,flat_19,rich,mixed_pressure,shock,passive_inside_buy,,,,False,default,13.0
1,13.0,13.0,passive_two_sided,take1,9,short_40_59,neutral,mixed_pressure,shock,,,,,False,queue05,13.0
1,13.0,13.0,passive_one_sided_sell,take1,11,long_20_39,rich,sell_pressure,steady,passive_inside_sell,,,,False,worse,13.0
2,13.0,10.0,passive_one_sided_sell,take1,10,short_40_59,rich,sell_pressure,shock,passive_inside_sell,,,,False,default,6.5
2,13.0,8.0,passive_one_sided_sell,take1,13,short_20_39,rich,sell_pressure,shock,passive_inside_sell,,,,False,none,6.5
2,13.0,9.0,passive_one_sided_sell,take1,13,flat_19,rich,sell_pressure,shock,passive_inside_sell,,,,False,none,6.5
2,13.0,9.0,passive_one_sided_buy,take1,10,short_20_39,cheap,buy_pressure,shock,passive_inside_buy,,,,False,queue05,6.5
2,13.0,10.0,passive_one_sided_buy,take1,10,long_40_59,cheap,buy_pressure,shock,passive_inside_buy,,,,False,queue05,6.5
3,13.0,7.0,passive_one_sided_buy,take1,10,short_20_39,cheap,buy_pressure,steady,passive_inside_buy,,,,False,queue05,4.333333333333333
3,13.0,6.0,passive_one_sided_sell,take1,10,long_20_39,neutral,sell_pressure,steady,passive_inside_sell,,,,False,queue05,4.333333333333333
3,13.0,6.0,passive_one_sided_sell,take1,10,long_20_39,rich,sell_pressure,shock,passive_inside_sell,,,,False,worse,4.333333333333333
1,12.0,12.0,passive_one_sided_buy,take1,12,long_20_39,cheap,buy_pressure,shock,passive_inside_buy,,,,False,default,12.0
1,12.0,12.0,passive_one_sided_buy,take1,9,short_40_59,cheap,buy_pressure,shock,passive_inside_buy,,,,False,default,12.0
1,12.0,12.0,passive_one_sided_sell,take1,11,long_20_39,rich,sell_pressure,steady,passive_inside_sell,,,,False,default,12.0
1,12.0,12.0,passive_two_sided,take1,13,long_60_plus,neutral,sell_pressure,shock,,,,,False,default,12.0
1,12.0,12.0,passive_one_sided_sell,take1,11,long_40_59,neutral,sell_pressure,steady,passive_inside_sell,,,,False,default,12.0
1,12.0,12.0,passive_one_sided_buy,take1,12,short_20_39,cheap,buy_pressure,shock,passive_inside_buy,,,,False,none,12.0
1,12.0,12.0,passive_one_sided_buy,take1,9,short_40_59,cheap,buy_pressure,steady,passive_inside_buy,,,,False,none,12.0
1,12.0,12.0,passive_one_sided_sell,take1,11,long_60_plus,neutral,sell_pressure,steady,passive_inside_sell,,,,False,none,12.0
1,12.0,12.0,passive_one_sided_buy,take1,12,long_20_39,cheap,buy_pressure,shock,passive_inside_buy,,,,False,queue05,12.0
1,12.0,12.0,passive_one_sided_buy,take1,9,short_40_59,cheap,buy_pressure,steady,passive_inside_buy,,,,False,queue05,12.0
1,12.0,12.0,passive_one_sided_buy,take1,9,short_40_59,cheap,buy_pressure,shock,passive_inside_buy,,,,False,queue05,12.0
1,12.0,12.0,passive_one_sided_sell,take1,11,long_20_39,rich,sell_pressure,steady,passive_inside_sell,,,,False,queue05,12.0
1,12.0,12.0,passive_one_sided_buy,take1,12,long_20_39,cheap,buy_pressure,shock,passive_inside_buy,,,,False,worse,12.0
1,12.0,12.0,passive_one_sided_buy,take1,9,short_40_59,cheap,buy_pressure,shock,passive_inside_buy,,,,False,worse,12.0
1,12.0,12.0,passive_one_sided_buy,take1,11,flat_19,rich,mixed_pressure,shock,passive_inside_buy,,,,False,worse,12.0
1,12.0,12.0,passive_one_sided_sell,take1,11,long_40_59,neutral,sell_pressure,steady,passive_inside_sell,,,,False,worse,12.0
2,12.0,7.0,passive_one_sided_buy,take1,10,flat_19,rich,mixed_pressure,shock,passive_inside_buy,,,,False,default,6.0
2,12.0,9.0,passive_one_sided_buy,take1,9,long_40_59,cheap,buy_pressure,shock,passive_inside_buy,,,,False,queue05,6.0
3,12.0,6.0,passive_one_sided_sell,take1,10,long_20_39,rich,sell_pressure,shock,passive_inside_sell,,,,False,default,4.0
3,12.0,7.0,passive_two_sided,take1,10,long_60_plus,cheap,sell_pressure,steady,,,,,False,queue05,4.0
1,11.0,11.0,passive_two_sided,take1,9,long_40_59,neutral,buy_pressure,shock,,,,,False,default,11.0
1,11.0,11.0,passive_two_sided,take1,9,flat_19,neutral,buy_pressure,shock,,,,,False,none,11.0
1,11.0,11.0,passive_one_sided_buy,take1,10,short_60_plus,rich,buy_pressure,shock,passive_inside_buy,,,,False,queue05,11.0
1,11.0,11.0,passive_two_sided,take1,9,short_60_plus,neutral,buy_pressure,shock,,,,,False,queue05,11.0
1,11.0,11.0,passive_one_sided_sell,take1,10,long_60_plus,rich,sell_pressure,shock,passive_inside_sell,,,,False,queue05,11.0
1,11.0,11.0,passive_two_sided,take1,9,long_40_59,neutral,buy_pressure,shock,,,,,False,queue05,11.0
1,11.0,11.0,passive_one_sided_buy,take1,9,short_60_plus,rich,buy_pressure,shock,passive_inside_buy,,,,False,worse,11.0
1,11.0,11.0,passive_two_sided,take1,9,long_40_59,neutral,buy_pressure,shock,,,,,False,worse,11.0
2,11.0,8.0,passive_one_sided_buy,take1,9,long_20_39,cheap,buy_pressure,shock,passive_inside_buy,,,,False,default,5.5
2,11.0,6.0,passive_one_sided_sell,take1,11,long_20_39,rich,sell_pressure,steady,passive_inside_sell,,,,False,none,5.5
2,11.0,8.0,passive_one_sided_buy,take1,9,long_20_39,cheap,buy_pressure,shock,passive_inside_buy,,,,False,queue05,5.5
2,11.0,8.0,passive_one_sided_buy,take1,9,long_20_39,cheap,buy_pressure,shock,passive_inside_buy,,,,False,worse,5.5
3,11.0,6.0,passive_one_sided_sell,take1,10,flat_19,neutral,sell_pressure,steady,passive_inside_sell,,,,False,none,3.6666666666666665
3,11.0,4.0,passive_one_sided_buy,take1,10,flat_19,cheap,buy_pressure,steady,passive_inside_buy,,,,False,queue05,3.6666666666666665
3,11.0,5.0,passive_two_sided,take1,9,flat_19,neutral,buy_pressure,steady,,,,,False,worse,3.6666666666666665
3,11.0,6.0,passive_two_sided,take1,9,long_60_plus,cheap,buy_pressure,shock,,,,,False,worse,3.6666666666666665
1,10.0,10.0,take_sell,hold,13,flat_19,rich,sell_pressure,shock,take_b1,,,,False,default,10.0
1,10.0,10.0,passive_one_sided_sell,take1,9,short_60_plus,rich,sell_pressure,shock,passive_inside_sell,,,,False,default,10.0
1,10.0,10.0,passive_one_sided_buy,take1,10,long_40_59,rich,mixed_pressure,shock,passive_inside_buy,,,,False,default,10.0
1,10.0,10.0,passive_one_sided_sell,take1,9,short_60_plus,rich,sell_pressure,shock,passive_inside_sell,,,,False,none,10.0
1,10.0,10.0,take_sell,hold,13,short_20_39,rich,sell_pressure,shock,take_b1,,,,False,queue05,10.0
1,10.0,10.0,passive_one_sided_sell,take1,9,short_60_plus,rich,sell_pressure,shock,passive_inside_sell,,,,False,queue05,10.0
1,10.0,10.0,passive_one_sided_sell,take1,10,long_60_plus,cheap,sell_pressure,steady,passive_inside_sell,,,,False,queue05,10.0
1,10.0,10.0,passive_one_sided_buy,take1,10,long_40_59,rich,mixed_pressure,shock,passive_inside_buy,,,,False,queue05,10.0
1,10.0,10.0,take_sell,hold,13,flat_19,rich,sell_pressure,shock,take_b1,,,,False,worse,10.0
1,10.0,10.0,passive_one_sided_sell,take1,9,short_60_plus,rich,sell_pressure,shock,passive_inside_sell,,,,False,worse,10.0
1,10.0,10.0,passive_one_sided_sell,take1,9,long_60_plus,cheap,mixed_pressure,shock,passive_inside_sell,,,,False,worse,10.0
1,10.0,10.0,passive_one_sided_buy,take1,10,long_40_59,rich,mixed_pressure,shock,passive_inside_buy,,,,False,worse,10.0
2,10.0,6.0,passive_one_sided_sell,take1,11,flat_19,rich,sell_pressure,shock,passive_inside_sell,,,,False,queue05,5.0
3,10.0,4.0,passive_one_sided_sell,take1,10,flat_19,rich,sell_pressure,steady,passive_inside_sell,,,,False,default,3.3333333333333335
3,10.0,6.0,passive_two_sided,take1,9,long_60_plus,cheap,buy_pressure,shock,,,,,False,default,3.3333333333333335
3,10.0,4.0,passive_one_sided_sell,take1,10,flat_19,rich,sell_pressure,steady,passive_inside_sell,,,,False,worse,3.3333333333333335
1,9.0,9.0,passive_two_sided,take1,9,short_60_plus,rich,buy_pressure,shock,,,,,False,default,9.0
1,9.0,9.0,hold,take1,10,long_60_plus,rich,sell_pressure,steady,,,,,False,default,9.0
1,9.0,9.0,passive_two_sided,take1,9,long_60_plus,cheap,buy_pressure,steady,,,,,False,none,9.0
1,9.0,9.0,passive_one_sided_buy,take1,9,short_60_plus,rich,buy_pressure,shock,passive_inside_buy,,,,False,queue05,9.0
1,9.0,9.0,passive_one_sided_sell,take1,11,long_60_plus,neutral,sell_pressure,shock,passive_inside_sell,,,,False,queue05,9.0
1,9.0,9.0,hold,take1,10,long_60_plus,rich,sell_pressure,steady,,,,,False,worse,9.0
2,9.0,6.0,passive_two_sided,take1,10,short_40_59,rich,sell_pressure,shock,,,,,False,default,4.5
2,9.0,5.0,passive_two_sided,take1,9,flat_19,neutral,buy_pressure,steady,,,,,False,default,4.5
2,9.0,7.0,passive_one_sided_buy,take1,10,flat_19,rich,sell_pressure,steady,passive_inside_buy,,,,False,default,4.5
2,9.0,5.0,passive_two_sided,take1,9,flat_19,neutral,buy_pressure,steady,,,,,False,none,4.5
2,9.0,5.0,passive_two_sided,take1,9,flat_19,neutral,buy_pressure,steady,,,,,False,queue05,4.5
2,9.0,5.0,passive_two_sided,take1,12,short_60_plus,neutral,buy_pressure,shock,,,,,False,queue05,4.5
3,9.0,4.0,passive_two_sided,take1,10,long_60_plus,neutral,sell_pressure,shock,,,,,False,none,3.0
3,9.0,4.0,passive_one_sided_sell,take1,11,short_20_39,rich,sell_pressure,shock,passive_inside_sell,,,,False,queue05,3.0
2,8.5,6.0,passive_one_sided_sell,take1,10,long_60_plus,cheap,sell_pressure,shock,passive_inside_sell,,,,False,queue05,4.25
1,8.0,8.0,take_sell,hold,9,short_20_39,rich,sell_pressure,shock,take_b1,,,,False,default,8.0
1,8.0,8.0,passive_one_sided_buy,take1,12,short_60_plus,cheap,buy_pressure,shock,passive_inside_buy,,,,False,default,8.0
1,8.0,8.0,passive_one_sided_sell,take1,11,long_40_59,rich,sell_pressure,steady,passive_inside_sell,,,,False,default,8.0
1,8.0,8.0,passive_two_sided,take1,11,short_60_plus,rich,sell_pressure,shock,,,,,False,default,8.0
1,8.0,8.0,passive_one_sided_sell,take1,10,long_20_39,rich,sell_pressure,steady,passive_inside_sell,,,,False,default,8.0
1,8.0,8.0,passive_one_sided_sell,take1,10,long_20_39,neutral,sell_pressure,steady,passive_inside_sell,,,,False,default,8.0
1,8.0,8.0,passive_one_sided_buy,take1,10,long_60_plus,cheap,buy_pressure,shock,passive_inside_buy,,,,False,default,8.0
1,8.0,8.0,passive_one_sided_sell,take1,9,long_20_39,rich,sell_pressure,shock,passive_inside_sell,,,,False,default,8.0
1,8.0,8.0,take_sell,hold,9,short_20_39,rich,sell_pressure,shock,take_b1,,,,False,none,8.0
1,8.0,8.0,take_buy,hold,10,long_20_39,cheap,buy_pressure,shock,take_a1,,,,False,none,8.0
1,8.0,8.0,passive_one_sided_buy,take1,10,long_20_39,rich,mixed_pressure,shock,passive_inside_buy,,,,False,none,8.0
1,8.0,8.0,take_sell,hold,9,short_20_39,rich,sell_pressure,shock,take_b1,,,,False,queue05,8.0
1,8.0,8.0,passive_one_sided_sell,take1,10,short_60_plus,cheap,buy_pressure,shock,passive_inside_sell,,,,False,queue05,8.0
1,8.0,8.0,take_buy,hold,10,flat_19,cheap,buy_pressure,shock,take_a1,,,,False,queue05,8.0
1,8.0,8.0,passive_one_sided_sell,take1,9,long_60_plus,cheap,sell_pressure,shock,passive_inside_sell,,,,False,queue05,8.0
1,8.0,8.0,passive_one_sided_buy,take1,10,long_60_plus,cheap,buy_pressure,shock,passive_inside_buy,,,,False,queue05,8.0
1,8.0,8.0,passive_one_sided_sell,take1,9,long_40_59,rich,sell_pressure,shock,passive_inside_sell,,,,False,queue05,8.0
1,8.0,8.0,passive_one_sided_sell,take1,11,long_60_plus,neutral,sell_pressure,steady,passive_inside_sell,,,,False,queue05,8.0
1,8.0,8.0,passive_two_sided,take1,11,long_40_59,cheap,sell_pressure,steady,,,,,False,queue05,8.0
1,8.0,8.0,take_sell,hold,9,short_20_39,rich,sell_pressure,shock,take_b1,,,,False,worse,8.0
1,8.0,8.0,passive_one_sided_buy,take1,12,short_60_plus,cheap,buy_pressure,shock,passive_inside_buy,,,,False,worse,8.0
1,8.0,8.0,passive_one_sided_sell,take1,11,long_40_59,rich,sell_pressure,steady,passive_inside_sell,,,,False,worse,8.0
1,8.0,8.0,passive_two_sided,take1,11,short_60_plus,rich,sell_pressure,shock,,,,,False,worse,8.0
1,8.0,8.0,passive_one_sided_sell,take1,10,long_20_39,rich,sell_pressure,steady,passive_inside_sell,,,,False,worse,8.0
1,8.0,8.0,passive_one_sided_sell,take1,10,long_20_39,neutral,sell_pressure,steady,passive_inside_sell,,,,False,worse,8.0
1,8.0,8.0,passive_one_sided_sell,take1,9,long_20_39,rich,sell_pressure,shock,passive_inside_sell,,,,False,worse,8.0
2,8.0,6.0,passive_one_sided_sell,take1,10,short_20_39,rich,sell_pressure,shock,passive_inside_sell,,,,False,default,4.0
2,8.0,6.0,passive_one_sided_sell,take1,11,flat_19,rich,sell_pressure,shock,passive_inside_sell,,,,False,default,4.0
2,8.0,4.0,passive_one_sided_buy,take1,9,long_60_plus,cheap,buy_pressure,shock,passive_inside_buy,,,,False,none,4.0
2,8.0,6.0,passive_one_sided_sell,take1,10,short_20_39,rich,sell_pressure,shock,passive_inside_sell,,,,False,queue05,4.0
2,8.0,5.0,passive_one_sided_sell,take1,10,flat_19,rich,sell_pressure,steady,passive_inside_sell,,,,False,queue05,4.0
2,8.0,6.0,passive_two_sided,take1,9,long_60_plus,cheap,buy_pressure,shock,,,,,False,queue05,4.0
2,8.0,6.0,passive_one_sided_sell,take1,11,flat_19,rich,sell_pressure,shock,passive_inside_sell,,,,False,worse,4.0
1,7.0,7.0,take_sell,hold,9,flat_19,rich,sell_pressure,shock,take_b1,,,,False,default,7.0
1,7.0,7.0,passive_two_sided,take1,13,short_60_plus,rich,sell_pressure,shock,,,,,False,default,7.0
1,7.0,7.0,clear_sell,hold,9,long_20_39,rich,sell_pressure,shock,take_b1,,,,False,none,7.0
1,7.0,7.0,passive_two_sided,take1,11,short_40_59,rich,sell_pressure,shock,,,,,False,none,7.0
1,7.0,7.0,passive_one_sided_sell,take1,10,long_60_plus,rich,sell_pressure,shock,passive_inside_sell,,,,False,none,7.0
1,7.0,7.0,clear_sell,hold,9,flat_19,rich,sell_pressure,shock,take_b1,,,,False,queue05,7.0
1,7.0,7.0,passive_one_sided_sell,take1,13,long_60_plus,rich,sell_pressure,steady,passive_inside_sell,,,,False,queue05,7.0
1,7.0,7.0,take_sell,hold,9,flat_19,rich,sell_pressure,shock,take_b1,,,,False,worse,7.0
1,7.0,7.0,passive_two_sided,take1,9,short_60_plus,rich,buy_pressure,shock,,,,,False,worse,7.0
1,7.0,7.0,passive_two_sided,take1,13,short_60_plus,rich,sell_pressure,shock,,,,,False,worse,7.0
2,7.0,4.0,passive_one_sided_buy,take1,10,flat_19,cheap,buy_pressure,steady,passive_inside_buy,,,,False,default,3.5
2,7.0,4.0,passive_one_sided_sell,take1,11,long_40_59,rich,sell_pressure,shock,passive_inside_sell,,,,False,none,3.5
2,7.0,5.0,passive_one_sided_sell,take1,10,short_20_39,rich,sell_pressure,steady,passive_inside_sell,,,,False,none,3.5
2,7.0,4.0,passive_one_sided_buy,take1,10,flat_19,cheap,buy_pressure,steady,passive_inside_buy,,,,False,worse,3.5
2,7.0,6.0,passive_two_sided,take1,10,short_40_59,rich,sell_pressure,shock,,,,,False,worse,3.5
3,7.0,3.0,passive_one_sided_sell,take1,10,short_20_39,rich,sell_pressure,shock,passive_inside_sell,,,,False,none,2.3333333333333335
1,6.0,6.0,take_sell,hold,9,short_40_59,rich,sell_pressure,shock,take_b1,,,,False,default,6.0
1,6.0,6.0,passive_two_sided,take1,11,long_40_59,neutral,sell_pressure,steady,,,,,False,default,6.0
1,6.0,6.0,passive_one_sided_sell,take1,11,long_60_plus,neutral,sell_pressure,steady,passive_inside_sell,,,,False,default,6.0
1,6.0,6.0,clear_sell,take2,11,long_60_plus,rich,sell_pressure,shock,take_b1,,,,False,default,6.0
1,6.0,6.0,passive_one_sided_buy,take1,9,short_60_plus,rich,buy_pressure,steady,passive_inside_buy,,,,False,default,6.0
1,6.0,6.0,passive_one_sided_sell,take1,13,long_20_39,rich,sell_pressure,shock,passive_inside_sell,,,,False,default,6.0
1,6.0,6.0,passive_two_sided,take1,11,long_60_plus,neutral,sell_pressure,shock,,,,,False,none,6.0
1,6.0,6.0,passive_one_sided_sell,take1,11,flat_19,neutral,sell_pressure,steady,passive_inside_sell,,,,False,none,6.0
1,6.0,6.0,passive_two_sided,take1,9,short_60_plus,rich,buy_pressure,shock,,,,,False,queue05,6.0
1,6.0,6.0,passive_one_sided_sell,take1,11,long_20_39,neutral,sell_pressure,steady,passive_inside_sell,,,,False,queue05,6.0
1,6.0,6.0,take_sell,hold,9,short_40_59,rich,sell_pressure,shock,take_b1,,,,False,worse,6.0
1,6.0,6.0,passive_one_sided_sell,take1,10,short_20_39,rich,sell_pressure,shock,passive_inside_sell,,,,False,worse,6.0
1,6.0,6.0,passive_two_sided,take1,11,long_40_59,neutral,sell_pressure,steady,,,,,False,worse,6.0
1,6.0,6.0,passive_one_sided_sell,take1,11,long_60_plus,neutral,sell_pressure,steady,passive_inside_sell,,,,False,worse,6.0
1,6.0,6.0,clear_sell,take2,11,long_60_plus,rich,sell_pressure,shock,take_b1,,,,False,worse,6.0
1,6.0,6.0,passive_one_sided_buy,take1,9,short_60_plus,rich,buy_pressure,steady,passive_inside_buy,,,,False,worse,6.0
1,6.0,6.0,passive_one_sided_sell,take1,13,long_20_39,rich,sell_pressure,shock,passive_inside_sell,,,,False,worse,6.0
1,6.0,6.0,passive_one_sided_buy,take1,10,long_60_plus,cheap,buy_pressure,shock,passive_inside_buy,,,,False,worse,6.0
2,6.0,4.0,passive_one_sided_sell,take1,11,short_20_39,rich,sell_pressure,shock,passive_inside_sell,,,,False,default,3.0
2,6.0,4.0,clear_sell,hold,10,long_60_plus,rich,sell_pressure,shock,take_b1,,,,False,none,3.0
2,6.0,3.0,passive_one_sided_buy,take1,10,long_60_plus,rich,sell_pressure,steady,passive_inside_buy,,,,False,none,3.0
2,6.0,4.0,passive_two_sided,take1,11,long_60_plus,neutral,sell_pressure,shock,,,,,False,queue05,3.0
2,6.0,4.0,passive_one_sided_buy,take1,10,flat_19,rich,sell_pressure,steady,passive_inside_buy,,,,False,queue05,3.0
2,6.0,4.0,passive_one_sided_sell,take1,11,short_20_39,rich,sell_pressure,shock,passive_inside_sell,,,,False,worse,3.0
1,5.0,5.0,take_sell,hold,11,flat_19,rich,sell_pressure,shock,take_b1,,,,False,default,5.0
1,5.0,5.0,clear_buy,hold,10,short_60_plus,cheap,buy_pressure,shock,take_a1,,,,False,default,5.0
1,5.0,5.0,passive_one_sided_sell,take1,10,short_40_59,rich,sell_pressure,steady,passive_inside_sell,,,,False,default,5.0
1,5.0,5.0,passive_one_sided_buy,take1,10,flat_19,rich,mixed_pressure,steady,passive_inside_buy,,,,False,default,5.0
1,5.0,5.0,hold,take1,10,flat_19,rich,sell_pressure,steady,,,,,False,default,5.0
1,5.0,5.0,passive_one_sided_sell,mm_inside,11,long_60_plus,rich,sell_pressure,shock,passive_inside_sell,,,,False,default,5.0
1,5.0,5.0,passive_one_sided_sell,take1,9,long_60_plus,cheap,sell_pressure,shock,passive_inside_sell,,,,False,default,5.0
1,5.0,5.0,passive_one_sided_sell,take1,9,short_40_59,cheap,mixed_pressure,shock,passive_inside_sell,,,,False,none,5.0
1,5.0,5.0,take_sell,hold,9,short_60_plus,rich,sell_pressure,shock,take_b1,,,,False,none,5.0
1,5.0,5.0,clear_buy,hold,10,short_60_plus,cheap,buy_pressure,shock,take_a1,,,,False,none,5.0
1,5.0,5.0,hold,take1,10,flat_19,rich,sell_pressure,steady,,,,,False,none,5.0
1,5.0,5.0,passive_one_sided_buy,take1,10,long_20_39,rich,mixed_pressure,steady,passive_inside_buy,,,,False,none,5.0
1,5.0,5.0,hold,take1,10,long_20_39,rich,sell_pressure,steady,,,,,False,none,5.0
1,5.0,5.0,passive_two_sided,take1,10,flat_19,neutral,sell_pressure,steady,,,,,False,none,5.0
1,5.0,5.0,take_sell,hold,11,short_20_39,rich,sell_pressure,shock,take_b1,,,,False,queue05,5.0
1,5.0,5.0,clear_buy,hold,10,short_60_plus,cheap,buy_pressure,shock,take_a1,,,,False,queue05,5.0
1,5.0,5.0,passive_two_sided,take1,11,long_60_plus,neutral,mixed_pressure,steady,,,,,False,queue05,5.0
1,5.0,5.0,passive_one_sided_buy,take1,10,flat_19,rich,mixed_pressure,steady,passive_inside_buy,,,,False,queue05,5.0
1,5.0,5.0,hold,take1,10,flat_19,rich,sell_pressure,steady,,,,,False,queue05,5.0
1,5.0,5.0,take_sell,hold,11,flat_19,rich,sell_pressure,shock,take_b1,,,,False,worse,5.0
1,5.0,5.0,clear_buy,hold,10,short_60_plus,cheap,buy_pressure,shock,take_a1,,,,False,worse,5.0
1,5.0,5.0,passive_one_sided_sell,take1,10,short_40_59,rich,sell_pressure,steady,passive_inside_sell,,,,False,worse,5.0
1,5.0,5.0,passive_one_sided_buy,take1,10,flat_19,rich,mixed_pressure,steady,passive_inside_buy,,,,False,worse,5.0
1,5.0,5.0,hold,take1,10,flat_19,rich,sell_pressure,steady,,,,,False,worse,5.0
1,5.0,5.0,passive_one_sided_sell,mm_inside,11,long_60_plus,rich,sell_pressure,shock,passive_inside_sell,,,,False,worse,5.0
1,5.0,5.0,passive_one_sided_sell,take1,9,long_60_plus,cheap,sell_pressure,shock,passive_inside_sell,,,,False,worse,5.0
2,5.0,4.0,passive_one_sided_buy,take1,10,flat_19,cheap,buy_pressure,steady,passive_inside_buy,,,,False,none,2.5
2,5.0,3.0,passive_one_sided_sell,take1,11,short_40_59,rich,sell_pressure,shock,passive_inside_sell,,,,False,none,2.5
2,5.0,3.0,passive_two_sided,take1,10,long_60_plus,cheap,buy_pressure,shock,,,,,False,none,2.5
2,5.0,3.0,passive_one_sided_buy,take1,10,flat_19,rich,sell_pressure,steady,passive_inside_buy,,,,False,worse,2.5
1,4.0,4.0,passive_one_sided_buy,take1,10,short_60_plus,cheap,buy_pressure,steady,passive_inside_buy,,,,False,default,4.0
1,4.0,4.0,passive_one_sided_buy,take1,12,short_60_plus,rich,buy_pressure,shock,passive_inside_buy,,,,False,default,4.0
1,4.0,4.0,clear_buy,hold,10,flat_19,cheap,buy_pressure,shock,take_a1,,,,False,default,4.0
1,4.0,4.0,passive_two_sided,take1,11,long_60_plus,neutral,sell_pressure,shock,,,,,False,default,4.0
1,4.0,4.0,passive_one_sided_sell,take1,10,long_60_plus,rich,sell_pressure,shock,passive_inside_sell,,,,False,default,4.0
1,4.0,4.0,passive_one_sided_sell,take1,11,long_20_39,rich,sell_pressure,shock,passive_inside_sell,,,,False,default,4.0
1,4.0,4.0,passive_one_sided_buy,take1,9,flat_19,cheap,buy_pressure,steady,passive_inside_buy,,,,False,none,4.0
1,4.0,4.0,passive_one_sided_buy,take1,10,short_40_59,cheap,buy_pressure,steady,passive_inside_buy,,,,False,none,4.0
1,4.0,4.0,passive_two_sided,take1,9,short_40_59,neutral,buy_pressure,steady,,,,,False,none,4.0
1,4.0,4.0,passive_one_sided_sell,take1,10,short_60_plus,cheap,buy_pressure,shock,passive_inside_sell,,,,False,none,4.0
1,4.0,4.0,passive_two_sided,take1,9,short_60_plus,neutral,buy_pressure,steady,,,,,False,none,4.0
1,4.0,4.0,passive_one_sided_buy,take1,12,flat_19,cheap,buy_pressure,shock,passive_inside_buy,,,,False,none,4.0
1,4.0,4.0,passive_one_sided_sell,take1,11,short_20_39,rich,sell_pressure,steady,passive_inside_sell,,,,False,none,4.0
1,4.0,4.0,passive_one_sided_sell,take1,10,long_40_59,rich,sell_pressure,shock,passive_inside_sell,,,,False,none,4.0
1,4.0,4.0,passive_one_sided_sell,take1,10,long_60_plus,neutral,sell_pressure,shock,passive_inside_sell,,,,False,none,4.0
1,4.0,4.0,passive_one_sided_buy,take1,9,short_20_39,cheap,buy_pressure,steady,passive_inside_buy,,,,False,queue05,4.0
1,4.0,4.0,passive_one_sided_buy,take1,10,short_60_plus,cheap,buy_pressure,steady,passive_inside_buy,,,,False,queue05,4.0
1,4.0,4.0,passive_one_sided_buy,take1,12,short_40_59,cheap,buy_pressure,shock,passive_inside_buy,,,,False,queue05,4.0
1,4.0,4.0,take_buy,hold,10,long_20_39,cheap,buy_pressure,shock,take_a1,,,,False,queue05,4.0
1,4.0,4.0,passive_one_sided_sell,take1,11,long_20_39,rich,sell_pressure,shock,passive_inside_sell,,,,False,queue05,4.0
1,4.0,4.0,passive_one_sided_buy,take1,10,short_20_39,cheap,buy_pressure,shock,passive_inside_buy,,,,False,worse,4.0
1,4.0,4.0,passive_one_sided_buy,take1,10,short_60_plus,cheap,buy_pressure,steady,passive_inside_buy,,,,False,worse,4.0
1,4.0,4.0,passive_one_sided_buy,take1,12,short_40_59,cheap,buy_pressure,shock,passive_inside_buy,,,,False,worse,4.0
1,4.0,4.0,clear_buy,hold,10,flat_19,cheap,buy_pressure,shock,take_a1,,,,False,worse,4.0
1,4.0,4.0,passive_two_sided,take1,11,long_60_plus,neutral,sell_pressure,shock,,,,,False,worse,4.0
1,4.0,4.0,passive_one_sided_sell,take1,10,long_60_plus,rich,sell_pressure,shock,passive_inside_sell,,,,False,worse,4.0
1,4.0,4.0,passive_one_sided_sell,take1,11,long_20_39,rich,sell_pressure,shock,passive_inside_sell,,,,False,worse,4.0
2,4.0,2.0,passive_one_sided_buy,take1,10,long_40_59,cheap,buy_pressure,shock,passive_inside_buy,,,,False,default,2.0
2,4.0,2.0,passive_one_sided_buy,take1,10,long_60_plus,rich,sell_pressure,shock,passive_inside_buy,,,,False,default,2.0
2,4.0,2.0,passive_one_sided_buy,take1,9,flat_19,cheap,buy_pressure,steady,passive_inside_buy,,,,False,queue05,2.0
2,4.0,3.0,passive_two_sided,take1,10,long_60_plus,neutral,sell_pressure,shock,,,,,False,queue05,2.0
1,3.0,3.0,passive_one_sided_buy,take1,12,short_20_39,cheap,buy_pressure,shock,passive_inside_buy,,,,False,default,3.0
1,3.0,3.0,passive_one_sided_sell,take1,10,short_20_39,rich,sell_pressure,steady,passive_inside_sell,,,,False,default,3.0
1,3.0,3.0,passive_two_sided,take1,10,long_60_plus,neutral,sell_pressure,steady,,,,,False,default,3.0
1,3.0,3.0,passive_one_sided_sell,take1,13,long_20_39,neutral,sell_pressure,shock,passive_inside_sell,,,,False,default,3.0
1,3.0,3.0,passive_one_sided_buy,take1,10,long_60_plus,rich,sell_pressure,steady,passive_inside_buy,,,,False,default,3.0
1,3.0,3.0,passive_one_sided_sell,take1,10,short_40_59,rich,sell_pressure,shock,passive_inside_sell,,,,False,none,3.0
1,3.0,3.0,passive_two_sided,take1,10,short_60_plus,neutral,buy_pressure,shock,,,,,False,none,3.0
1,3.0,3.0,passive_two_sided,take1,12,short_60_plus,neutral,buy_pressure,shock,,,,,False,none,3.0
1,3.0,3.0,passive_one_sided_sell,take1,11,short_20_39,rich,sell_pressure,shock,passive_inside_sell,,,,False,none,3.0
1,3.0,3.0,passive_one_sided_buy,take1,10,flat_19,rich,sell_pressure,steady,passive_inside_buy,,,,False,none,3.0
1,3.0,3.0,passive_two_sided,take1,10,long_60_plus,cheap,sell_pressure,shock,,,,,False,none,3.0
1,3.0,3.0,passive_one_sided_buy,take1,12,short_20_39,cheap,buy_pressure,shock,passive_inside_buy,,,,False,queue05,3.0
1,3.0,3.0,passive_two_sided,take1,10,long_60_plus,neutral,sell_pressure,steady,,,,,False,queue05,3.0
1,3.0,3.0,passive_two_sided,take1,12,long_40_59,cheap,buy_pressure,shock,,,,,False,queue05,3.0
1,3.0,3.0,passive_two_sided,take1,13,long_60_plus,neutral,sell_pressure,shock,,,,,False,queue05,3.0
1,3.0,3.0,passive_one_sided_sell,take1,13,long_20_39,rich,sell_pressure,shock,passive_inside_sell,,,,False,queue05,3.0
1,3.0,3.0,passive_one_sided_buy,take1,12,short_20_39,cheap,buy_pressure,shock,passive_inside_buy,,,,False,worse,3.0
1,3.0,3.0,passive_one_sided_buy,take1,12,short_60_plus,rich,buy_pressure,shock,passive_inside_buy,,,,False,worse,3.0
1,3.0,3.0,passive_one_sided_sell,take1,10,short_20_39,rich,sell_pressure,steady,passive_inside_sell,,,,False,worse,3.0
1,3.0,3.0,passive_two_sided,take1,10,long_60_plus,neutral,sell_pressure,steady,,,,,False,worse,3.0
1,3.0,3.0,passive_one_sided_buy,take1,10,short_60_plus,neutral,buy_pressure,shock,passive_inside_buy,,,,False,worse,3.0
1,3.0,3.0,passive_two_sided,take1,11,flat_19,neutral,sell_pressure,steady,,,,,False,worse,3.0
1,3.0,3.0,passive_one_sided_sell,take1,13,long_20_39,neutral,sell_pressure,shock,passive_inside_sell,,,,False,worse,3.0
1,3.0,3.0,passive_one_sided_buy,take1,10,long_60_plus,rich,sell_pressure,steady,passive_inside_buy,,,,False,worse,3.0
2,3.0,2.0,passive_two_sided,take1,11,short_60_plus,rich,sell_pressure,shock,,,,,False,none,1.5
2,3.0,2.0,passive_two_sided,take1,10,long_60_plus,cheap,sell_pressure,steady,,,,,False,none,1.5
2,3.0,2.0,passive_one_sided_buy,take1,10,long_60_plus,rich,sell_pressure,shock,passive_inside_buy,,,,False,worse,1.5
1,2.0,2.0,passive_one_sided_buy,take1,9,short_20_39,cheap,buy_pressure,steady,passive_inside_buy,,,,False,default,2.0
1,2.0,2.0,passive_one_sided_buy,take1,9,flat_19,cheap,buy_pressure,steady,passive_inside_buy,,,,False,default,2.0
1,2.0,2.0,passive_one_sided_sell,take1,10,short_60_plus,rich,sell_pressure,steady,passive_inside_sell,,,,False,default,2.0
1,2.0,2.0,passive_one_sided_buy,take1,9,long_60_plus,cheap,buy_pressure,shock,passive_inside_buy,,,,False,default,2.0
1,2.0,2.0,passive_one_sided_buy,take1,9,long_40_59,cheap,buy_pressure,shock,passive_inside_buy,,,,False,default,2.0
1,2.0,2.0,passive_one_sided_buy,take1,9,long_20_39,cheap,buy_pressure,steady,passive_inside_buy,,,,False,none,2.0
1,2.0,2.0,passive_two_sided,take1,10,short_60_plus,neutral,buy_pressure,steady,,,,,False,none,2.0
1,2.0,2.0,passive_one_sided_buy,take1,12,flat_19,cheap,buy_pressure,steady,passive_inside_buy,,,,False,none,2.0
1,2.0,2.0,passive_one_sided_buy,take1,12,short_60_plus,rich,buy_pressure,shock,passive_inside_buy,,,,False,none,2.0
1,2.0,2.0,passive_one_sided_sell,take1,11,short_60_plus,rich,sell_pressure,shock,passive_inside_sell,,,,False,none,2.0
1,2.0,2.0,passive_two_sided,take1,9,long_60_plus,cheap,buy_pressure,shock,,,,,False,none,2.0
1,2.0,2.0,clear_sell,hold,11,long_60_plus,rich,sell_pressure,shock,take_b1,,,,False,none,2.0
1,2.0,2.0,passive_one_sided_buy,take1,10,long_20_39,rich,sell_pressure,steady,passive_inside_buy,,,,False,none,2.0
1,2.0,2.0,passive_one_sided_sell,take1,11,short_40_59,rich,sell_pressure,shock,passive_inside_sell,,,,False,queue05,2.0
1,2.0,2.0,passive_two_sided,take1,10,short_60_plus,rich,sell_pressure,shock,,,,,False,queue05,2.0
1,2.0,2.0,passive_one_sided_sell,take1,10,short_60_plus,rich,sell_pressure,steady,passive_inside_sell,,,,False,queue05,2.0
1,2.0,2.0,passive_two_sided,take1,9,short_60_plus,rich,buy_pressure,steady,,,,,False,queue05,2.0
1,2.0,2.0,clear_buy,hold,10,flat_19,cheap,buy_pressure,shock,take_a1,,,,False,queue05,2.0
1,2.0,2.0,passive_one_sided_sell,mm_inside,11,long_40_59,rich,sell_pressure,shock,passive_inside_sell,,,,False,queue05,2.0
1,2.0,2.0,passive_two_sided,take1,11,flat_19,neutral,sell_pressure,steady,,,,,False,queue05,2.0
1,2.0,2.0,passive_one_sided_buy,take1,9,long_60_plus,cheap,buy_pressure,shock,passive_inside_buy,,,,False,queue05,2.0
1,2.0,2.0,passive_one_sided_buy,take1,10,long_60_plus,rich,sell_pressure,steady,passive_inside_buy,,,,False,queue05,2.0
1,2.0,2.0,passive_one_sided_buy,take1,10,long_60_plus,rich,sell_pressure,shock,passive_inside_buy,,,,False,queue05,2.0
1,2.0,2.0,passive_one_sided_buy,take1,9,short_20_39,cheap,buy_pressure,steady,passive_inside_buy,,,,False,worse,2.0
1,2.0,2.0,passive_one_sided_buy,take1,9,flat_19,cheap,buy_pressure,steady,passive_inside_buy,,,,False,worse,2.0
1,2.0,2.0,passive_one_sided_sell,take1,10,short_60_plus,rich,sell_pressure,steady,passive_inside_sell,,,,False,worse,2.0
1,2.0,2.0,passive_one_sided_buy,take1,9,long_60_plus,cheap,buy_pressure,shock,passive_inside_buy,,,,False,worse,2.0
1,2.0,2.0,passive_one_sided_buy,take1,10,long_40_59,cheap,buy_pressure,shock,passive_inside_buy,,,,False,worse,2.0
1,2.0,2.0,passive_one_sided_sell,take1,10,long_20_39,cheap,mixed_pressure,shock,passive_inside_sell,,,,False,worse,2.0
1,1.5,1.5,passive_one_sided_buy,take1,10,long_20_39,neutral,buy_pressure,steady,passive_inside_buy,,,,False,queue05,1.5
1,1.5,1.5,passive_one_sided_buy,take1,10,long_40_59,neutral,buy_pressure,steady,passive_inside_buy,,,,False,worse,1.5
1,1.0,1.0,passive_two_sided,take1,9,short_60_plus,rich,buy_pressure,steady,,,,,False,default,1.0
1,1.0,1.0,passive_two_sided,take1,11,flat_19,neutral,sell_pressure,steady,,,,,False,default,1.0
1,1.0,1.0,passive_one_sided_sell,take1,12,short_60_plus,cheap,buy_pressure,shock,passive_inside_sell,1,9,1.0,False,none,1.0
1,1.0,1.0,passive_two_sided,take1,9,short_60_plus,neutral,buy_pressure,shock,,,,,False,none,1.0
1,1.0,1.0,clear_buy,hold,12,short_40_59,cheap,buy_pressure,shock,take_a1,,,,False,none,1.0
1,1.0,1.0,passive_one_sided_sell,take1,10,long_60_plus,neutral,sell_pressure,steady,passive_inside_sell,,,,False,none,1.0
1,1.0,1.0,passive_one_sided_buy,take1,12,short_60_plus,rich,buy_pressure,shock,passive_inside_buy,,,,False,queue05,1.0
1,1.0,1.0,passive_two_sided,take1,10,short_60_plus,rich,buy_pressure,steady,,,,,False,queue05,1.0
1,1.0,1.0,passive_two_sided,take1,10,short_60_plus,neutral,buy_pressure,steady,,,,,False,queue05,1.0
1,1.0,1.0,passive_two_sided,take1,10,long_60_plus,cheap,buy_pressure,shock,,,,,False,queue05,1.0
1,1.0,1.0,passive_two_sided,take1,10,long_40_59,cheap,sell_pressure,shock,,,,,False,worse,1.0
1,1.0,1.0,passive_one_sided_buy,take1,9,long_40_59,cheap,buy_pressure,shock,passive_inside_buy,,,,False,worse,1.0
2,8.0,6.0,clear_buy,hold,9,short_60_plus,cheap,buy_pressure,shock,take_a1,1,2,4.5,True,default,4.0
2,8.0,6.0,clear_buy,hold,9,short_60_plus,cheap,buy_pressure,shock,take_a1,1,2,4.5,True,none,4.0
2,8.0,6.0,clear_buy,hold,9,short_60_plus,cheap,buy_pressure,shock,take_a1,1,2,4.5,True,queue05,4.0
2,8.0,6.0,clear_buy,hold,9,short_60_plus,cheap,buy_pressure,shock,take_a1,1,2,4.5,True,worse,4.0
1,3.0,3.0,take_buy,hold,9,flat_19,cheap,buy_pressure,shock,take_a1,1,2,4.5,True,default,3.0
1,3.0,3.0,take_buy,hold,9,flat_19,cheap,buy_pressure,shock,take_a1,1,2,4.5,True,worse,3.0
1,2.0,2.0,clear_buy,hold,9,short_20_39,cheap,buy_pressure,shock,take_a1,1,2,4.5,True,default,2.0
1,2.0,2.0,take_buy,hold,9,long_20_39,cheap,buy_pressure,shock,take_a1,1,2,4.5,True,default,2.0
1,2.0,2.0,clear_buy,hold,9,short_20_39,cheap,buy_pressure,shock,take_a1,1,2,4.5,True,none,2.0
1,2.0,2.0,take_buy,hold,9,flat_19,cheap,buy_pressure,shock,take_a1,1,2,4.5,True,none,2.0
1,2.0,2.0,clear_buy,hold,9,short_20_39,cheap,buy_pressure,shock,take_a1,1,2,4.5,True,queue05,2.0
1,2.0,2.0,clear_buy,hold,9,flat_19,cheap,buy_pressure,shock,take_a1,1,2,4.5,True,queue05,2.0
1,2.0,2.0,take_buy,hold,9,long_20_39,cheap,buy_pressure,shock,take_a1,1,2,4.5,True,worse,2.0
